0.,0.
0.001,9.850706119006766
0.002,6.939990421795237
0.003,4.9701597702121605
0.004,3.6930715209399736
0.005,2.8417422126513556
0.006,2.2500936936756912
0.007,1.8228773717316311
0.008,1.5043879183387256
0.009000000000000001,1.2606454738671056
0.01,1.070015817688945
0.011,0.9181882378609864
0.012,0.7953794865874654
0.013000000000000001,0.694710345039188
0.014,0.6112252214974364
0.015,0.5412788471829769
0.016,0.4821404957035766
0.017,0.4317314918486643
0.018000000000000002,0.3884468722546492
0.019,0.35103160585969206
0.02,0.318493035206049
0.021,0.2900378777559502
0.022,0.2650261994710538
0.023,0.24293731956602127
0.024,0.22334423366785386
0.025,0.2058942052047607
0.026000000000000002,0.19029388121626598
0.027,0.17629776635651948
0.028,0.16369921680297925
0.029,0.15232334420241148
0.03,0.1420213809929872
0.031,0.13266617360556882
0.032,0.12414855325382701
0.033,0.1163743947751965
0.034,0.10926221877978065
0.035,0.10274122569818295
0.036000000000000004,0.09674967533888494
0.037,0.09123354449764604
0.038,0.08614540959617772
0.039,0.08144351241370369
0.04,0.07709097554577865
0.041,0.07305514089651488
0.042,0.06930700973296217
0.043000000000000003,0.06582076694417692
0.044,0.06257337540516673
0.045,0.059544228939366964
0.046,0.056714854448409985
0.047,0.05406865544627307
0.048,0.05159069058235878
0.049,0.04926748183116598
0.05,0.047086847916717786
0.051000000000000004,0.0450377592683029
0.052000000000000005,0.04311021140219501
0.053,0.041295114116973335
0.054,0.03958419429782361
0.055,0.037969910463643966
0.056,0.03644537747263132
0.057,0.035004300038104785
0.058,0.03364091389881078
0.059000000000000004,0.03234993367080084
0.06,0.03112650651385053
0.061,0.029966170906022455
0.062,0.028864819886215067
0.063,0.02781866822665335
0.064,0.026824223064966585
0.065,0.02587825758805535
0.066,0.02497778741298763
0.067,0.024120049355670897
0.068,0.02330248231718462
0.069,0.022522710051386292
0.07,0.02177852560653518
0.07100000000000001,0.021067877258888805
0.07200000000000001,0.020388855778088334
0.073,0.01973968288314308
0.074,0.019118700764357618
0.075,0.018524362560963674
0.076,0.01795522369681393
0.077,0.017409933987518906
0.078,0.016887230442070644
0.079,0.0163859306904729
0.08,0.015904926976417058
0.081,0.01544318066044955
0.082,0.014999717185143877
0.083,0.014573621458652349
0.084,0.014164033617698097
0.085,0.013770145135034575
0.08600000000000001,0.013391195239970967
0.08700000000000001,0.013026467623727722
0.088,0.012675287404203987
0.089,0.012337018327247961
0.09,0.012011060183759732
0.091,0.011696846423955114
0.092,0.011393841951906495
0.093,0.011101541085076792
0.094,0.01081946566499697
0.095,0.010547163306523917
0.096,0.010284205774271978
0.097,0.010030187475850385
0.098,0.009784724062474917
0.099,0.009547451128365133
0.1,0.009318023001099305
0.101,0.009096111615786162
0.10200000000000001,0.00888140546653316
0.10300000000000001,0.008673608629252991
0.10400000000000001,0.008472439850358636
0.105,0.008277631696358395
0.106,0.008088929759780745
0.107,0.007906091917238825
0.108,0.007728887635777886
0.109,0.007557097324024174
0.11,0.007390511724816455
0.111,0.007228931346373995
0.112,0.007072165929387644
0.113,0.00692003394680533
0.114,0.00677236213559211
0.115,0.006628985056286291
0.116,0.006489744679808248
0.117,0.006354489999142893
0.11800000000000001,0.0062230766642881585
0.11900000000000001,0.006095366638903004
0.12,0.005971227877205487
0.121,0.00585053401977866
0.122,0.0057331641070407354
0.123,0.005619002309226699
0.124,0.005507937671811876
0.125,0.005399863875384835
0.126,0.0052946790090477695
0.127,0.005192285356487694
0.128,0.0050925891939219425
0.129,0.004995500599177045
0.13,0.00490093327121128
0.131,0.004808804359438605
0.132,0.00471903430225549
0.133,0.004631546674212711
0.134,0.004546268041311682
0.135,0.004463127823939646
0.136,0.004382058166990276
0.137,0.004302993816746084
0.138,0.004225872004126768
0.139,0.004150632333933246
0.14,0.004077216679741198
0.14100000000000001,0.004005569084119914
0.14200000000000002,0.003935635663873036
0.14300000000000002,0.003867364520016891
0.14400000000000002,0.0038007056522299985
0.145,0.0037356108775239566
0.146,0.003672033752901386
0.147,0.0036099295017810824
0.148,0.003549254943983933
0.149,0.0034899684290857318
0.15,0.0034320297729547662
0.151,0.0033754001973029376
0.152,0.003320042272089424
0.153,0.0032659198606254485
0.154,0.0032129980672376186
0.155,0.003161243187355651
0.156,0.0031106226598981404
0.157,0.003061105021837299
0.158,0.0030126598648304694
0.159,0.0029652577938126153
0.16,0.0029188703874500187
0.161,0.002873470160361019
0.162,0.002829030527014984
0.163,0.0027855257672255414
0.164,0.002742930993158924
0.165,0.002701222117782492
0.166,0.002660375824682696
0.167,0.002620369539185608
0.168,0.0025811814007167077
0.169,0.002542790236340105
0.17,0.0025051755354205374
0.171,0.00246831742535451
0.17200000000000001,0.00243219664831981
0.17300000000000001,0.0023967945389927444
0.17400000000000002,0.002362093003202723
0.17500000000000002,0.0023280744974432366
0.176,0.002294722009248231
0.177,0.002262019038357854
0.178,0.002229949578651473
0.179,0.00219849810081056
0.18,0.0021676495356782537
0.181,0.0021373892582840595
0.182,0.0021077030725037862
0.183,0.0020785771963262663
0.184,0.0020499982476998193
0.185,0.002021953230932813
0.186,0.0019944295236238637
0.187,0.0019674148640984697
0.188,0.001940897339329972
0.189,0.0019148653733238289
0.19,0.0018893077159451875
0.191,0.0018642134321707016
0.192,0.0018395718917464682
0.193,0.0018153727592347768
0.194,0.001791605984433249
0.195,0.0017682617931506382
0.196,0.001745330678324373
0.197,0.0017228033914655633
0.198,0.0017006709344178823
0.199,0.001678924551417363
0.2,0.0016575557214407162
0.201,0.0016365561508303846
0.202,0.0016159177661850465
0.203,0.001595632707504817
0.20400000000000001,0.0015756933215821404
0.20500000000000002,0.001556092155620401
0.20600000000000002,0.0015368219510924713
0.20700000000000002,0.0015178756377999282
0.20800000000000002,0.0014992463281481823
0.209,0.0014809273116193995
0.21,0.001462912049437103
0.211,0.001445194169414975
0.212,0.0014277674609826873
0.213,0.0014106258703819147
0.214,0.0013937634960259659
0.215,0.0013771745840167621
0.216,0.0013608535238131513
0.217,0.0013447948440447983
0.218,0.0013289932084661492
0.219,0.001313443412045178
0.22,0.001298140377181873
0.221,0.0012830791500516006
0.222,0.0012682548970687076
0.223,0.001253662901486515
0.224,0.0012392985600079055
0.225,0.0012251573797010785
0.226,0.0012112349748250166
0.227,0.001197527063849628
0.228,0.001184029466553393
0.229,0.0011707381012136264
0.23,0.0011576489818860543
0.231,0.001144758215770501
0.232,0.0011320620006596005
0.233,0.0011195566224676053
0.234,0.001107238452836443
0.23500000000000001,0.0010951039468163127
0.23600000000000002,0.0010831496406181935
0.23700000000000002,0.0010713721494357658
0.23800000000000002,0.001059768165334319
0.23900000000000002,0.0010483344552043358
0.24,0.0010370678587775092
0.241,0.0010259652867030497
0.242,0.0010150237186822265
0.243,0.0010042402016591455
0.244,0.000993611848065856
0.245,0.0009831358341199556
0.246,0.000972809398172913
0.247,0.0009626298391074147
0.248,0.0009525945147820912
0.249,0.0009427008405220429
0.25,0.000932946287653657
0.251,0.0009233283820822323
0.252,0.0009138447029110205
0.253,0.000904492881100316
0.254,0.000895270598165283
0.255,0.0008861755849112717
0.256,0.000877205620205387
0.257,0.0008683585297831604
0.258,0.0008596321850891798
0.259,0.0008510245021505927
0.26,0.0008425334404824345
0.261,0.0008341570020237665
0.262,0.0008258932301036451
0.263,0.0008177402084359843
0.264,0.0008096960601423948
0.265,0.0008017589468021292
0.266,0.0007939270675282829
0.267,0.0007861986580694278
0.268,0.0007785719899359014
0.269,0.0007710453695499754
0.27,0.0007636171374191821
0.271,0.0007562856673320733
0.272,0.000749049365575735
0.273,0.0007419066701743952
0.274,0.0007348560501484747
0.275,0.0007278960047934749
0.276,0.0007210250629780929
0.277,0.0007142417824609925
0.278,0.0007075447492256721
0.279,0.0007009325768328839
0.28,0.0006944039057900914
0.281,0.0006879574029374489
0.28200000000000003,0.0006815917608498266
0.28300000000000003,0.0006753056972543972
0.28400000000000003,0.0006690979544633409
0.28500000000000003,0.0006629672988212101
0.28600000000000003,0.0006569125201665431
0.28700000000000003,0.0006509324313073018
0.28800000000000003,0.0006450258675097362
0.289,0.0006391916860002905
0.29,0.0006334287654801748
0.291,0.0006277360056522365
0.292,0.0006221123267597847
0.293,0.0006165566691370223
0.294,0.0006110679927707615
0.295,0.0006056452768731001
0.296,0.0006002875194647506
0.297,0.0005949937369687224
0.298,0.0005897629638140685
0.299,0.0005845942520494135
0.3,0.0005794866709659926
0.301,0.0005744393067299377
0.302,0.000569451262023552
0.303,0.0005645216556953309
0.304,0.0005596496224184836
0.305,0.0005548343123577242
0.306,0.0005500748908441086
0.307,0.0005453705380576971
0.308,0.0005407204487178267
0.309,0.0005361238317807942
0.31,0.000531579910144745
0.311,0.0005270879203615757
0.312,0.0005226471123556629
0.313,0.0005182567491492355
0.314,0.0005139161065942133
0.315,0.0005096244731103399
0.316,0.000505381149429447
0.317,0.0005011854483456813
0.318,0.0004970366944715436
0.319,0.0004929342239995857
0.32,0.0004888773844696151
0.321,0.0004848655345412666
0.322,0.00048089804377180145
0.323,0.00047697429239899533
0.324,0.00047309367112898735
0.325,0.0004692555809289616
0.326,0.00046545943282453374
0.327,0.0004617046477017291
0.328,0.0004579906561134275
0.329,0.0004543168980901644
0.33,0.0004506828229551818
0.331,0.00044708788914361256
0.332,0.0004435315640257033
0.333,0.00044001332373396683
0.334,0.0004365326529941691
0.335,0.00043308904496005597
0.336,0.0004296820010517227
0.337,0.0004263110307975393
0.338,0.00042297565167954146
0.339,0.0004196753889822007
0.34,0.00041640977564449483
0.341,0.00041317835211519095
0.342,0.0004099806662112678
0.343,0.00040681627297939853
0.34400000000000003,0.00040368473456041837
0.34500000000000003,0.00040058562005670733
0.34600000000000003,0.00039751850540241395
0.34700000000000003,0.00039448297323645473
0.34800000000000003,0.00039147861277822016
0.34900000000000003,0.00038850501970592215
0.35000000000000003,0.00038556179603752217
0.35100000000000003,0.00038264855001417426
0.352,0.000379764895986128
0.353,0.000376910454301027
0.354,0.0003740848511945528
0.355,0.00037128771868335294
0.356,0.00036851869446020237
0.357,0.00036577742179134585
0.358,0.00036306354941596797
0.359,0.00036037673144774404
0.36,0.00035771662727841975
0.361,0.0003550829014833775
0.362,0.00035247522372913666
0.363,0.0003498932686827488
0.364,0.00034733671592304276
0.365,0.00034480524985367313
0.366,0.0003422985596179367
0.367,0.00033981633901531246
0.368,0.0003373582864196871
0.369,0.00033492410469922646
0.37,0.0003325135011378586
0.371,0.0003301261873583276
0.372,0.000327761879246786
0.373,0.00032542029687889157
0.374,0.00032310116444736947
0.375,0.0003208042101910147
0.376,0.00031852916632509574
0.377,0.00031627576897313287
0.378,0.0003140437581000165
0.379,0.00031183287744644136
0.38,0.00030964287446461964
0.381,0.0003074735002552935
0.382,0.000305324509505779
0.383,0.0003031956604295865
0.384,0.0003010867147068512
0.385,0.00029899743742608885
0.386,0.0002969275970270407
0.387,0.0002948769652446178
0.388,0.0002928453170539196
0.389,0.00029083243061630643
0.39,0.000288838087226499
0.391,0.0002868620712606879
0.392,0.00028490417012562485
0.393,0.00028296417420868233
0.394,0.00028104187682885404
0.395,0.0002791370741886813
0.396,0.0002772495653270816
0.397,0.0002753791520730636
0.398,0.00027352563900030747
0.399,0.0002716888333825935
0.4,0.00026986854515006017
0.401,0.00026806458684627615
0.402,0.00026627677358610633
0.403,0.00026450492301435824
0.404,0.00026274885526519
0.405,0.00026100839292226587
0.406,0.0002592833609796436
0.40700000000000003,0.0002575735868033763
0.40800000000000003,0.0002558789000938182
0.40900000000000003,0.00025419913284861523
0.41000000000000003,0.0002525341193263694
0.41100000000000003,0.00025088369601096276
0.41200000000000003,0.0002492477015765264
0.41300000000000003,0.0002476259768530413
0.41400000000000003,0.00024601836479255996
0.41500000000000004,0.00024442471043603414
0.41600000000000004,0.00024284486088073777
0.417,0.00024127866524827218
0.418,0.0002397259746531421
0.419,0.00023818664217189152
0.42,0.00023666052281278794
0.421,0.00023514747348604237
0.422,0.00023364735297455802
0.423,0.00023216002190519296
0.424,0.00023068534272052942
0.425,0.0002292231796511394
0.426,0.00022777339868833394
0.427,0.00022633586755739163
0.428,0.00022491045569125167
0.429,0.00022349703420466543
0.43,0.00022209547586879682
0.431,0.00022070565508626263
0.432,0.00021932744786660403
0.433,0.0002179607318021807
0.434,0.00021660538604448057
0.435,0.00021526129128083497
0.436,0.00021392832971153415
0.437,0.00021260638502733166
0.438,0.00021129534238733532
0.439,0.00020999508839727096
0.44,0.00020870551108811823
0.441,0.00020742649989510567
0.442,0.00020615794563706315
0.443,0.0002048997404961203
0.444,0.00020365177799774823
0.445,0.00020241395299113566
0.446,0.00020118616162989334
0.447,0.00019996830135308256
0.448,0.00019876028272427252
0.449,0.00019756197012462371
0.45,0.00019637330031198997
0.451,0.00019519416382603413
0.452,0.00019402446425935017
0.453,0.00019286410638258964
0.454,0.00019171299612758252
0.455,0.00019057104057073758
0.456,0.00018943814791671327
0.457,0.0001883142274823569
0.458,0.00018719918968090532
0.459,0.00018609294600644338
0.46,0.00018499540901861474
0.461,0.00018390649232758127
0.462,0.0001828261105792252
0.463,0.00018175417944059087
0.464,0.0001806906155855612
0.465,0.0001796353366807634
0.466,0.00017858826137170347
0.467,0.0001775493092691198
0.468,0.00017651840093555734
0.46900000000000003,0.00017549545787215467
0.47000000000000003,0.00017448040250564155
0.47100000000000003,0.0001734731581755438
0.47200000000000003,0.0001724736491215897
0.47300000000000003,0.00017148180047131753
0.47400000000000003,0.00017049753822787677
0.47500000000000003,0.00016952078925802264
0.47600000000000003,0.00016855148128029968
0.47700000000000004,0.00016758954285340976
0.47800000000000004,0.000166634903364763
0.47900000000000004,0.00016568749301920793
0.48,0.00016474724282793595
0.481,0.00016381408459756032
0.482,0.00016288795091936342
0.483,0.00016196877515871192
0.484,0.00016105649144463417
0.485,0.0001601510346595602
0.486,0.00015925234042921848
0.487,0.00015836034511268894
0.488,0.00015747498579260822
0.489,0.000156596200265525
0.49,0.00015572392703240266
0.491,0.00015485810528926753
0.492,0.0001539986749179984
0.493,0.00015314557647725706
0.494,0.00015229875119355553
0.495,0.00015145814095245954
0.496,0.00015062368828992336
0.497,0.00014979533638375704
0.498,0.0001489730290452209
0.499,0.00014815671071074626
0.5,0.00014734632643378096
0.501,0.00014654182187675644
0.502,0.00014574314330317444
0.503,0.00014495023756981243
0.504,0.00014416305211904432
0.505,0.00014338153497127538
0.506,0.00014260563471748925
0.507,0.00014183530051190487
0.508,0.00014107048206474284
0.509,0.00014031112963509666
0.51,0.00013955719402391014
0.511,0.00013880862656705744
0.512,0.00013806537912852427
0.513,0.00013732740409368898
0.514,0.0001365946543627017
0.515,0.0001358670833447307
0.516,0.0001351446449484621
0.517,0.00013442729358034965
0.518,0.00013371498413532616
0.519,0.00013300767199140678
0.52,0.00013230531300362333
0.521,0.00013160786349804626
0.522,0.000130915280265892
0.523,0.0001302275205577157
0.524,0.0001295445420776863
0.525,0.00012886630297794392
0.526,0.00012819276185303732
0.527,0.00012752387773444144
0.528,0.0001268596100851516
0.529,0.00012619991879435547
0.53,0.00012554476417218005
0.531,0.00012489410694451286
0.532,0.00012424790824789634
0.533,0.00012360612962449417
0.534,0.00012296873301712795
0.535,0.00012233568076438462
0.536,0.00012170693559579064
0.537,0.00012108246062705565
0.538,0.00012046221935538082
0.539,0.0001198461756548336
0.54,0.00011923429377178647
0.541,0.00011862653832041872
0.542,0.00011802287427828111
0.543,0.0001174232669819213
0.544,0.00011682768212165225
0.545,0.00011623608574097487
0.546,0.00011564844422685929
0.547,0.00011506472430929251
0.548,0.00011448489305627457
0.549,0.00011390891786979271
0.55,0.00011333676648185054
0.551,0.00011276840695055172
0.552,0.00011220380765623673
0.553,0.00011164293729767143
0.554,0.00011108576488828887
0.555,0.00011053225975248041
0.556,0.00010998239152193785
0.557,0.00010943613013204473
0.558,0.0001088934458183161
0.559,0.00010835430911288637
0.56,0.00010781869084104408
0.561,0.00010728656211781307
0.562,0.00010675789434457986
0.5630000000000001,0.00010623265920576525
0.5640000000000001,0.00010571082866554106
0.5650000000000001,0.00010519237496459016
0.5660000000000001,0.00010467727061690936
0.5670000000000001,0.0001041654884066553
0.5680000000000001,0.0001036570013850314
0.5690000000000001,0.00010315178286721638
0.5700000000000001,0.00010264980642933321
0.5710000000000001,0.000102151045905458
0.5720000000000001,0.00010165547538466793
0.5730000000000001,0.00010116306920812837
0.5740000000000001,0.00010067380196621773
0.5750000000000001,0.0001001876484956906
0.5760000000000001,0.00009970458387687655
0.577,0.0000992245834309175
0.578,0.00009874762271703887
0.579,0.00009827367752985787
0.58,0.00009780272389672565
0.581,0.00009733473807510448
0.582,0.00009686969654997851
0.583,0.00009640757603129807
0.584,0.00009594835345145662
0.585,0.0000954920059628007
0.586,0.00009503851093517148
0.587,0.00009458784595347755
0.588,0.00009413998881529961
0.589,0.0000936949175285246
0.59,0.00009325261030901152
0.591,0.0000928130455782852
0.592,0.00009237620196126084
0.593,0.0000919420582839968
0.594,0.00009151059357147586
0.595,0.00009108178704541459
0.596,0.00009065561812210064
0.597,0.00009023206641025686
0.598,0.00008981111170893259
0.599,0.00008939273400542152
0.6,0.00008897691347320539
0.601,0.00008856363046992374
0.602,0.00008815286553536885
0.603,0.00008774459938950569
0.604,0.00008733881293051686
0.605,0.00008693548723287149
0.606,0.00008653460354541832
0.607,0.00008613614328950258
0.608,0.00008574008805710562
0.609,0.00008534641960900846
0.61,0.00008495511987297703
0.611,0.00008456617094197066
0.612,0.00008417955507237186
0.613,0.00008379525468223852
0.614,0.00008341325234957697
0.615,0.00008303353081063656
0.616,0.00008265607295822508
0.617,0.00008228086184004439
0.618,0.00008190788065704688
0.619,0.0000815371127618116
0.62,0.00008116854165694004
0.621,0.00008080215099347164
0.622,0.00008043792456931833
0.623,0.00008007584632771808
0.624,0.00007971590035570689
0.625,0.00007935807088260975
0.626,0.00007900234227854906
0.627,0.00007864869905297157
0.628,0.00007829712585319261
0.629,0.00007794760746295796
0.63,0.00007760012880102296
0.631,0.00007725467491974835
0.632,0.00007691123100371302
0.633,0.00007656978236834337
0.634,0.00007623031445855893
0.635,0.0000758928128474338
0.636,0.0000755572632348742
0.637,0.00007522365144631171
0.638,0.00007489196343141181
0.639,0.00007456218526279767
0.64,0.00007423430313478912
0.641,0.00007390830336215611
0.642,0.00007358417237888744
0.643,0.00007326189673697313
0.644,0.0000729414631052017
0.645,0.00007262285826797111
0.646,0.00007230606912411389
0.647,0.00007199108268573565
0.648,0.00007167788607706742
0.649,0.00007136646653333098
0.65,0.00007105681139961776
0.651,0.00007074890812978035
0.652,0.00007044274428533704
0.653,0.00007013830753438908
0.654,0.00006983558565055007
0.655,0.00006953456651188833
0.656,0.00006923523809988055
0.657,0.00006893758849837833
0.658,0.00006864160589258599
0.659,0.00006834727856805029
0.66,0.00006805459490966174
0.661,0.0000677635434006671
0.662,0.00006747411262169356
0.663,0.00006718629124978341
0.664,0.00006690006805744022
0.665,0.0000666154319116857
0.666,0.00006633237177312695
0.667,0.00006605087669503468
0.668,0.00006577093582243167
0.669,0.00006549253839119148
0.67,0.00006521567372714721
0.671,0.00006494033124521065
0.672,0.0000646665004485009
0.673,0.000064394170927483
0.674,0.00006412333235911626
0.675,0.0000638539745060118
0.676,0.00006358608721560004
0.677,0.00006331966041930668
0.678,0.00006305468413173882
0.679,0.00006279114844987921
0.68,0.00006252904355229015
0.681,0.00006226835969832582
0.682,0.00006200908722735335
0.683,0.00006175121655798273
0.684,0.0000614947381873051
0.685,0.00006123964269013915
0.686,0.000060985920718286524
0.687,0.00006073356299979465
0.6880000000000001,0.000060482560338227865
0.6890000000000001,0.00006023290361194715
0.6900000000000001,0.00005998458377339668
0.6910000000000001,0.000059737591848399046
0.6920000000000001,0.00005949191893545786
0.6930000000000001,0.00005924755620506778
0.6940000000000001,0.00005900449489903241
0.6950000000000001,0.000058762726329789266
0.6960000000000001,0.00005852224187974239
0.6970000000000001,0.00005828303300060188
0.6980000000000001,0.0000580450912127308
0.6990000000000001,0.00005780840810449912
0.7000000000000001,0.000057572975331644445
0.7010000000000001,0.00005733878461663987
0.7020000000000001,0.00005710582774806848
0.7030000000000001,0.00005687409658000467
0.704,0.00005664358303140209
0.705,0.000056414279085488015
0.706,0.00005618617678916433
0.707,0.00005595926825241506
0.708,0.00005573354564771981
0.709,0.00005550900120947385
0.71,0.0000552856272334142
0.711,0.00005506341607605179
0.712,0.00005484236015410978
0.713,0.000054622451943967615
0.714,0.00005440368398111129
0.715,0.000054186048859589036
0.716,0.00005396953923147309
0.717,0.00005375414780632701
0.718,0.00005353986735067843
0.719,0.00005332669068749766
0.72,0.0000531146106956816
0.721,0.00005290362030954303
0.722,0.00005269371251830535
0.723,0.000052484880365602495
0.724,0.000052277116948984196
0.725,0.00005207041541942628
0.726,0.00005186476898084612
0.727,0.00005166017088962323
0.728,0.00005145661445412454
0.729,0.00005125409303423499
0.73,0.00005105260004089272
0.731,0.00005085212893562899
0.732,0.00005065267323011331
0.733,0.0000504542264857026
0.734,0.00005025678231299563
0.735,0.00005006033437139162
0.736,0.00004986487636865351
0.737,0.00004967040206047574
0.738,0.000049476905250056494
0.739,0.00004928437978767425
0.74,0.0000490928195702685
0.741,0.00004890221854102525
0.742,0.000048712570688966086
0.743,0.00004852387004854197
0.744,0.000048336110699230875
0.745,0.000048149286765139666
0.746,0.00004796339241460976
0.747,0.00004777842185982708
0.748,0.000047594369356435904
0.749,0.00004741122920315634
0.75,0.00004722899574140599
0.751,0.00004704766335492538
0.752,0.000046867226469406796
0.753,0.000046687679552127415
0.754,0.000046509017111585706
0.755,0.000046331233697141555
0.756,0.00004615432389866012
0.757,0.00004597828234615916
0.758,0.000045803103709459845
0.759,0.00004562878269784106
0.76,0.00004545531405969729
0.761,0.000045282692582199705
0.762,0.000045110913090960765
0.763,0.000044939970449702034
0.764,0.000044769859559925425
0.765,0.00004460057536058751
0.766,0.000044432112827777236
0.767,0.00004426446697439676
0.768,0.0000440976328498453
0.769,0.00004393160553970633
0.77,0.00004376638016543766
0.771,0.00004360195188406461
0.772,0.00004343831588787627
0.773,0.00004327546740412469
0.774,0.000043113401694726844
0.775,0.00004295211405596989
0.776,0.000042791599818218915
0.777,0.0000426318543456277
0.778,0.00004247287303585236
0.779,0.00004231465131976762
0.78,0.00004215718466118597
0.781,0.0000420004685565795
0.782,0.00004184449853480439
0.783,0.000041689270156828054
0.784,0.00004153477901545908
0.785,0.00004138102073507962
0.786,0.00004122799097138024
0.787,0.000041075685411097774
0.788,0.000040924099771755124
0.789,0.000040773229801404
0.79,0.00004062307127836992
0.791,0.00004047362001099965
0.792,0.00004032487183741116
0.793,0.000040176822625245866
0.794,0.00004002946827142336
0.795,0.00003988280470189832
0.796,0.00003973682787141981
0.797,0.00003959153376329294
0.798,0.000039446918389142656
0.799,0.00003930297778867986
0.8,0.000039159708029469725
0.801,0.00003901710520670214
0.802,0.00003887516544296449
0.803,0.000038733884888016306
0.804,0.00003859325971856635
0.805,0.000038453286138051586
0.806,0.000038313960376418294
0.807,0.00003817527868990519
0.808,0.00003803723736082873
0.809,0.000037899832697370235
0.81,0.000037763061033365154
0.811,0.000037626918728094166
0.812,0.00003749140216607637
0.8130000000000001,0.0000373565077568643
0.8140000000000001,0.000037222231934840925
0.8150000000000001,0.00003708857115901842
0.8160000000000001,0.00003695552191283892
0.8170000000000001,0.00003682308070397715
0.8180000000000001,0.00003669124406414469
0.8190000000000001,0.00003656000854889631
0.8200000000000001,0.00003642937073743783
0.8210000000000001,0.00003629932723243606
0.8220000000000001,0.00003616987465983012
0.8230000000000001,0.000036041009668644855
0.8240000000000001,0.000035912728930805755
0.8250000000000001,0.00003578502914095562
0.8260000000000001,0.000035657907016273016
0.8270000000000001,0.00003553135930201126
0.8280000000000001,0.00003540538274846955
0.8290000000000001,0.00003527997414505196
0.8300000000000001,0.00003515513029729636
0.8310000000000001,0.0000350308480323927
0.8320000000000001,0.00003490712419901122
0.833,0.00003478395566713205
0.834,0.00003466133932787629
0.835,0.00003453927209333899
0.836,0.000034417750896423226
0.837,0.00003429677269067596
0.838,0.000034176334444203274
0.839,0.00003405643316318775
0.84,0.000033937065856226075
0.841,0.0000338182295578277
0.842,0.000033699921322346794
0.843,0.00003358213822382656
0.844,0.00003346487735584521
0.845,0.00003334813583136311
0.846,0.00003323191078257148
0.847,0.00003311619936074228
0.848,0.0000330009987360795
0.849,0.00003288630609757193
0.85,0.00003277211865284691
0.851,0.00003265843362802572
0.852,0.00003254524826758008
0.853,0.000032432559834189976
0.854,0.00003232036560860268
0.855,0.000032208662889493176
0.856,0.0000320974489933256
0.857,0.000031986721254216204
0.858,0.000031876477023797156
0.859,0.00003176671367108191
0.86,0.00003165742858233156
0.861,0.00003154861916092233
0.862,0.00003144028282721441
0.863,0.00003133241701842184
0.864,0.0000312250191884835
0.865,0.00003111808680793525
0.866,0.00003101161736378337
0.867,0.00003090560835937875
0.868,0.00003080005731429254
0.869,0.000030694961764192654
0.87,0.000030590319260721454
0.871,0.000030486127371374494
0.872,0.000030382383679380254
0.873,0.00003027908578358098
0.874,0.000030176231298314547
0.875,0.000030073817853297406
0.876,0.000029971843093508352
0.877,0.000029870304679073532
0.878,0.000029769200285152344
0.879,0.00002966852760182425
0.88,0.000029568284333976667
0.881,0.00002946846820119388
0.882,0.000029369076937646676
0.883,0.000029270108291983202
0.884,0.00002917156002722053
0.885,0.00002907342992063735
0.886,0.000028975715763667486
0.887,0.000028878415361794195
0.888,0.000028781526534445663
0.889,0.00002868504711489115
0.89,0.000028588974950138127
0.891,0.000028493307900830235
0.892,0.00002839804384114618
0.893,0.000028303180658699436
0.894,0.000028208716254438808
0.895,0.000028114648542549853
0.896,0.000028020975450357108
0.897,0.00002792769491822726
0.898,0.000027834804899472863
0.899,0.000027742303360257216
0.9,0.000027650188279499814
0.901,0.00002755845764878262
0.902,0.000027467109472257224
0.903,0.000027376141766552667
0.904,0.000027285552560684136
0.905,0.000027195339895962382
0.906,0.000027105501825903852
0.907,0.000027016036416141675
0.908,0.000026926941744337314
0.909,0.000026838215900092972
0.91,0.000026749856984864787
0.911,0.000026661863111876567
0.912,0.000026574232406034626
0.913,0.000026486963003842763
0.914,0.00002640005305331856
0.915,0.000026313500713909866
0.916,0.000026227304156412338
0.917,0.00002614146156288738
0.918,0.00002605597112658104
0.919,0.000025970831051843285
0.92,0.00002588603955404825
0.921,0.000025801594859514836
0.922,0.0000257174952054282
0.923,0.000025633738839761795
0.924,0.000025550324021200033
0.925,0.000025467249019061646
0.926,0.000025384512113223582
0.927,0.00002530211159404568
0.928,0.00002522004576229578
0.929,0.000025138312929075534
0.93,0.000025056911415746858
0.931,0.000024975839553858977
0.932,0.000024895095685075926
0.933,0.00002481467816110486
0.934,0.000024734585343624754
0.935,0.000024654815604215833
0.936,0.00002457536732428948
0.937,0.00002449623889501871
0.9380000000000001,0.000024417428717269283
0.9390000000000001,0.00002433893520153133
0.9400000000000001,0.00002426075676785148
0.9410000000000001,0.000024182891845765644
0.9420000000000001,0.000024105338874232258
0.9430000000000001,0.0000240280963015661
0.9440000000000001,0.000023951162585372582
0.9450000000000001,0.000023874536192482733
0.9460000000000001,0.000023798215598888445
0.9470000000000001,0.00002372219928967851
0.9480000000000001,0.000023646485758974965
0.9490000000000001,0.00002357107350987005
0.9500000000000001,0.000023495961054363666
0.9510000000000001,0.000023421146913301272
0.9520000000000001,0.000023346629616312364
0.9530000000000001,0.00002327240770174938
0.9540000000000001,0.000023198479716627093
0.9550000000000001,0.000023124844216562556
0.9560000000000001,0.000023051499765715397
0.9570000000000001,0.000022978444936728756
0.9580000000000001,0.000022905678310670546
0.9590000000000001,0.000022833198476975242
0.96,0.000022761004033386124
0.961,0.00002268909358589799
0.962,0.000022617465748700275
0.963,0.000022546119144120717
0.964,0.000022475052402569315
0.965,0.000022404264162482908
0.966,0.000022333753070270034
0.967,0.000022263517780256313
0.968,0.00002219355695463023
0.969,0.000022123869263389356
0.97,0.00002205445338428694
0.971,0.000021985308002779067
0.972,0.000021916431811971967
0.973,0.000021847823512570056
0.974,0.000021779481812824073
0.975,0.000021711405428479898
0.976,0.000021643593082727558
0.977,0.000021576043506150734
0.978,0.000021508755436680426
0.979,0.00002144172761953045
0.98,0.000021374958807169645
0.981,0.000021308447759253916
0.982,0.000021242193242600786
0.983,0.000021176194031112156
0.984,0.000021110448905745417
0.985,0.000021044956654461324
0.986,0.000020979716072176967
0.987,0.000020914725960718938
0.988,0.000020849985128777005
0.989,0.000020785492391858147
0.99,0.000020721246572240755
0.991,0.00002065724649892942
0.992,0.000020593491007609914
0.993,0.000020529978940604624
0.994,0.00002046670914682817
0.995,0.00002040368048174358
0.996,0.000020340891807318573
0.997,0.00002027834199198236
0.998,0.000020216029910582645
0.999,0.000020153954444343087
1.,0.000020092114480820897
1.0010000000000001,0.000020030508913864927
1.002,0.00001996913664357406
1.0030000000000001,0.00001990799657625575
1.004,0.000019847087624385126
1.0050000000000001,0.000019786408706564198
1.006,0.00001972595874748153
1.0070000000000001,0.00001966573667787198
1.008,0.000019605741434477114
1.0090000000000001,0.000019545971960005553
1.01,0.00001948642720309388
1.0110000000000001,0.0000194271061182676
1.012,0.000019368007665902694
1.0130000000000001,0.000019309130812187133
1.014,0.00001925047452908305
1.0150000000000001,0.00001919203779428873
1.016,0.00001913381959120139
1.0170000000000001,0.000019075818908879807
1.018,0.00001901803474200758
1.0190000000000001,0.00001896046609085632
1.02,0.000018903111961249464
1.0210000000000001,0.000018845971364526046
1.022,0.000018789043317504995
1.0230000000000001,0.000018732326842449484
1.024,0.00001867582096703173
1.025,0.000018619524724297886
1.026,0.000018563437152633366
1.027,0.00001850755729572828
1.028,0.000018451884202543147
1.029,0.00001839641692727502
1.03,0.000018341154529323615
1.031,0.000018286096073257898
1.032,0.00001823124062878276
1.033,0.000018176587270706088
1.034,0.000018122135078905943
1.035,0.000018067883138298085
1.036,0.00001801383053880365
1.037,0.00001795997637531716
1.038,0.00001790631974767464
1.039,0.00001785285976062212
1.04,0.000017799595523784207
1.041,0.000017746526151633065
1.042,0.00001769365076345743
1.043,0.000017640968483332045
1.044,0.000017588478440087107
1.045,0.00001753617976727816
1.046,0.000017484071603156022
1.047,0.000017432153090637083
1.048,0.000017380423377273615
1.049,0.000017328881615224584
1.05,0.000017277526961226385
1.051,0.000017226358576563987
1.052,0.000017175375627042204
1.053,0.000017124577282957176
1.054,0.00001707396271906809
1.055,0.000017023531114569062
1.056,0.000016973281653061257
1.057,0.0000169232135225252
1.058,0.000016873325915293278
1.059,0.000016823618028022434
1.06,0.00001677408906166708
1.061,0.00001672473822145223
1.062,0.000016675564716846685
1.063,0.000016626567761536634
1.064,0.000016577746573399236
1.065,0.000016529100374476567
1.066,0.00001648062839094952
1.067,0.000016432329853112223
1.068,0.000016384203995346285
1.069,0.00001633625005609553
1.07,0.00001628846727784065
1.071,0.000016240854907074257
1.072,0.000016193412194276
1.073,0.000016146138393887846
1.074,0.000016099032764289562
1.075,0.000016052094567774457
1.076,0.000016005323070525085
1.077,0.000015958717542589397
1.078,0.000015912277257856782
1.079,0.000015866001494034517
1.08,0.000015819889532624167
1.081,0.000015773940658898393
1.082,0.000015728154161877663
1.083,0.000015682529334307354
1.084,0.000015637065472634817
1.085,0.000015591761876986836
1.086,0.000015546617851146964
1.087,0.00001550163270253329
1.088,0.000015456805742176138
1.089,0.0000154121362846961
1.09,0.000015367623648282082
1.091,0.000015323267154669628
1.092,0.000015279066129119247
1.093,0.000015235019900395089
1.094,0.000015191127800743527
1.095,0.00001514738916587216
1.096,0.000015103803334928685
1.097,0.00001506036965048016
1.098,0.000015017087458492217
1.099,0.000014973956108308589
1.1,0.000014930974952630594
1.101,0.000014888143347496976
1.102,0.000014845460652263667
1.103,0.000014802926229583872
1.104,0.00001476053944538815
1.105,0.000014718299668864747
1.106,0.000014676206272439975
1.107,0.000014634258631758795
1.108,0.000014592456125665453
1.109,0.000014550798136184381
1.11,0.000014509284048501045
1.111,0.000014467913250943131
1.112,0.00001442668513496165
1.113,0.00001438559909511238
1.114,0.00001434465452903724
1.115,0.000014303850837445985
1.116,0.000014263187424097784
1.117,0.000014222663695783242
1.118,0.0000141822790623062
1.119,0.000014142032936465966
1.12,0.000014101924734039405
1.121,0.000014061953873763374
1.122,0.000014022119777317112
1.123,0.000013982421869304873
1.124,0.00001394285957723852
1.125,0.000013903432331520461
1.1260000000000001,0.000013864139565426456
1.127,0.000013824980715088752
1.1280000000000001,0.000013785955219479184
1.129,0.000013747062520392459
1.1300000000000001,0.000013708302062429526
1.131,0.000013669673292981117
1.1320000000000001,0.00001363117566221129
1.133,0.0000135928086230412
1.1340000000000001,0.000013554571631132868
1.135,0.0000135164641448732
1.1360000000000001,0.000013478485625357917
1.137,0.000013440635536375822
1.1380000000000001,0.000013402913344392957
1.139,0.000013365318518537046
1.1400000000000001,0.000013327850530581875
1.141,0.000013290508854931978
1.1420000000000001,0.000013253292968607172
1.143,0.000013216202351227439
1.1440000000000001,0.000013179236484997755
1.145,0.000013142394854693091
1.1460000000000001,0.00001310567694764348
1.147,0.000013069082253719184
1.1480000000000001,0.000013032610265315954
1.149,0.0000129962604773405
1.1500000000000001,0.0000129600323871958
1.151,0.00001292392549476683
1.1520000000000001,0.000012887939302406113
1.153,0.000012852073314919533
1.154,0.000012816327039552154
1.155,0.000012780699985974194
1.156,0.000012745191666267063
1.157,0.000012709801594909436
1.158,0.000012674529288763574
1.159,0.000012639374267061531
1.16,0.000012604336051391646
1.161,0.00001256941416568495
1.162,0.000012534608136201855
1.163,0.000012499917491518673
1.164,0.000012465341762514524
1.165,0.000012430880482358082
1.166,0.00001239653318649456
1.167,0.00001236229941263264
1.168,0.000012328178700731699
1.169,0.000012294170592988869
1.17,0.000012260274633826392
1.171,0.000012226490369878907
1.172,0.000012192817349980933
1.173,0.000012159255125154355
1.174,0.000012125803248596023
1.175,0.000012092461275665426
1.176,0.00001205922876387247
1.177,0.000012026105272865273
1.178,0.00001199309036441812
1.179,0.000011960183602419423
1.18,0.000011927384552859831
1.181,0.000011894692783820315
1.182,0.00001186210786546047
1.183,0.000011829629370006741
1.184,0.000011797256871740854
1.185,0.000011764989946988229
1.186,0.000011732828174106523
1.187,0.000011700771133474238
1.188,0.000011668818407479365
1.189,0.00001163696958050815
1.19,0.000011605224238933904
1.191,0.000011573581971105888
1.192,0.00001154204236733829
1.193,0.000011510605019899214
1.194,0.00001147926952299984
1.195,0.00001144803547278354
1.196,0.000011416902467315156
1.197,0.000011385870106570275
1.198,0.000011354937992424648
1.199,0.000011324105728643568
1.2,0.000011293372920871458
1.201,0.000011262739176621396
1.202,0.00001123220410526478
1.203,0.000011201767318021013
1.204,0.000011171428427947328
1.205,0.000011141187049928578
1.206,0.000011111042800667162
1.207,0.000011080995298672986
1.208,0.000011051044164253512
1.209,0.000011021189019503822
1.21,0.000010991429488296819
1.211,0.000010961765196273382
1.212,0.000010932195770832718
1.213,0.000010902720841122652
1.214,0.000010873340038030049
1.215,0.000010844052994171276
1.216,0.000010814859343882746
1.217,0.000010785758723211434
1.218,0.000010756750769905625
1.219,0.000010727835123405489
1.22,0.000010699011424833963
1.221,0.000010670279316987455
1.222,0.000010641638444326817
1.223,0.000010613088452968193
1.224,0.000010584628990674067
1.225,0.000010556259706844272
1.226,0.00001052798025250711
1.227,0.000010499790280310477
1.228,0.000010471689444513113
1.229,0.000010443677400975833
1.23,0.000010415753807152863
1.231,0.00001038791832208322
1.232,0.000010360170606382107
1.233,0.000010332510322232421
1.234,0.000010304937133376288
1.235,0.00001027745070510661
1.236,0.000010250050704258763
1.237,0.0000102227367992022
1.238,0.000010195508659832297
1.239,0.000010168365957562041
1.24,0.000010141308365313944
1.241,0.000010114335557511892
1.242,0.000010087447210073103
1.243,0.000010060643000400136
1.244,0.000010033922607372885
1.245,0.000010007285711340697
1.246,9.980731994114519e-6
1.247,9.95426113895906e-6
1.248,9.927872830585053e-6
1.249,9.90156675514149e-6
1.25,9.875342600208002e-6
1.2510000000000001,9.849200054787196e-6
1.252,9.82313880929711e-6
1.2530000000000001,9.797158555563635e-6
1.254,9.771258986813078e-6
1.2550000000000001,9.74543979766468e-6
1.256,9.719700684123271e-6
1.2570000000000001,9.694041343571847e-6
1.258,9.668461474764343e-6
1.2590000000000001,9.642960777818307e-6
1.26,9.617538954207728e-6
1.2610000000000001,9.592195706755833e-6
1.262,9.566930739627984e-6
1.2630000000000001,9.541743758324547e-6
1.264,9.516634469673909e-6
1.2650000000000001,9.491602581825425e-6
1.266,9.466647804242478e-6
1.2670000000000001,9.44176984769557e-6
1.268,9.416968424255441e-6
1.2690000000000001,9.392243247286214e-6
1.27,9.367594031438648e-6
1.2710000000000001,9.343020492643322e-6
1.272,9.318522348104e-6
1.2730000000000001,9.294099316290887e-6
1.274,9.26975111693405e-6
1.2750000000000001,9.245477471016794e-6
1.276,9.221278100769146e-6
1.2770000000000001,9.197152729661289e-6
1.278,9.173101082397149e-6
1.2790000000000001,9.149122884907904e-6
1.28,9.125217864345642e-6
1.281,9.101385749076946e-6
1.282,9.077626268676624e-6
1.283,9.0539391539214e-6
1.284,9.030324136783662e-6
1.285,9.006780950425286e-6
1.286,8.983309329191424e-6
1.287,8.959909008604403e-6
1.288,8.936579725357604e-6
1.289,8.913321217309434e-6
1.29,8.89013322347724e-6
1.291,8.867015484031383e-6
1.292,8.843967740289239e-6
1.293,8.820989734709313e-6
1.294,8.798081210885318e-6
1.295,8.77524191354036e-6
1.296,8.752471588521089e-6
1.297,8.729769982791955e-6
1.298,8.707136844429441e-6
1.299,8.684571922616339e-6
1.3,8.66207496763609e-6
1.301,8.63964573086713e-6
1.302,8.617283964777281e-6
1.303,8.594989422918163e-6
1.304,8.572761859919661e-6
1.305,8.550601031484393e-6
1.306,8.528506694382226e-6
1.307,8.50647860644487e-6
1.308,8.484516526560387e-6
1.309,8.462620214667874e-6
1.31,8.44078943175205e-6
1.311,8.419023939837981e-6
1.312,8.397323501985748e-6
1.313,8.37568788228522e-6
1.314,8.354116845850776e-6
1.315,8.33261015881617e-6
1.316,8.311167588329279e-6
1.317,8.28978890254705e-6
1.318,8.268473870630314e-6
1.319,8.247222262738753e-6
1.32,8.22603385002581e-6
1.321,8.20490840463371e-6
1.322,8.183845699688433e-6
1.323,8.162845509294774e-6
1.324,8.141907608531365e-6
1.325,8.121031773445824e-6
1.326,8.100217781049835e-6
1.327,8.079465409314318e-6
1.328,8.058774437164587e-6
1.329,8.038144644475584e-6
1.33,8.017575812067077e-6
1.331,7.997067721698942e-6
1.332,7.97662015606645e-6
1.333,7.956232898795576e-6
1.334,7.935905751373439e-6
1.335,7.915638465433866e-6
1.336,7.895430844270044e-6
1.337,7.875282675184438e-6
1.338,7.855193746387183e-6
1.339,7.835163829918827e-6
1.34,7.815192749913892e-6
1.341,7.79528028023018e-6
1.342,7.775426212663508e-6
1.343,7.755630339895009e-6
1.344,7.73589245548668e-6
1.345,7.716212353877076e-6
1.346,7.696589830376895e-6
1.347,7.677024681164713e-6
1.348,7.657516703282616e-6
1.349,7.638065694631998e-6
1.35,7.618671453969243e-6
1.351,7.599333780901557e-6
1.352,7.580052475882706e-6
1.353,7.560827340208884e-6
1.354,7.5416581760145275e-6
1.355,7.522544786268208e-6
1.356,7.503486974768483e-6
1.357,7.484484546139863e-6
1.358,7.465537305828696e-6
1.359,7.446645060099172e-6
1.36,7.427807616029267e-6
1.361,7.409024781506778e-6
1.362,7.3902963652253316e-6
1.363,7.371622176680448e-6
1.364,7.3530020261655925e-6
1.365,7.334435724768303e-6
1.366,7.315923084366266e-6
1.367,7.297463917623491e-6
1.368,7.279058037986441e-6
1.369,7.2607052596802356e-6
1.37,7.242405397704826e-6
1.371,7.2241582678312634e-6
1.372,7.205963686597887e-6
1.373,7.187821471306643e-6
1.374,7.169731440019325e-6
1.375,7.151693411553915e-6
1.3760000000000001,7.133707205480891e-6
1.377,7.115772642119594e-6
1.3780000000000001,7.097889542534562e-6
1.379,7.080057728531969e-6
1.3800000000000001,7.06227702265597e-6
1.381,7.0445472481852016e-6
1.3820000000000001,7.026868229129162e-6
1.383,7.009239790224734e-6
1.3840000000000001,6.99166175693262e-6
1.385,6.974133955433907e-6
1.3860000000000001,6.956656212626543e-6
1.387,6.939228356121912e-6
1.3880000000000001,6.921850214241378e-6
1.389,6.904521616012887e-6
1.3900000000000001,6.887242391167554e-6
1.391,6.870012370136299e-6
1.3920000000000001,6.8528313840464625e-6
1.393,6.835699264718498e-6
1.3940000000000001,6.818615844662617e-6
1.395,6.801580957075499e-6
1.3960000000000001,6.784594435836997e-6
1.397,6.767656115506877e-6
1.3980000000000001,6.750765831321556e-6
1.399,6.733923419190889e-6
1.4000000000000001,6.71712871569491e-6
1.401,6.700381558080687e-6
1.4020000000000001,6.6836817842591e-6
1.403,6.667029232801711e-6
1.4040000000000001,6.6504237429375814e-6
1.405,6.633865154550171e-6
1.4060000000000001,6.6173533081742186e-6
1.407,6.600888044992642e-6
1.408,6.584469206833466e-6
1.409,6.568096636166745e-6
1.41,6.551770176101556e-6
1.411,6.5354896703829135e-6
1.412,6.519254963388828e-6
1.413,6.503065900127234e-6
1.414,6.486922326233077e-6
1.415,6.4708240879653e-6
1.416,6.4547710322039464e-6
1.417,6.438763006447166e-6
1.418,6.422799858808368e-6
1.419,6.406881438013263e-6
1.42,6.39100759339702e-6
1.421,6.375178174901375e-6
1.422,6.359393033071786e-6
1.423,6.3436520190545934e-6
1.424,6.327954984594204e-6
1.425,6.312301782030273e-6
1.426,6.296692264294921e-6
1.427,6.281126284909948e-6
1.428,6.2656036979840955e-6
1.429,6.250124358210247e-6
1.43,6.234688120862772e-6
1.431,6.219294841794722e-6
1.432,6.2039443774352025e-6
1.433,6.188636584786634e-6
1.434,6.173371321422108e-6
1.435,6.158148445482697e-6
1.436,6.142967815674846e-6
1.437,6.1278292912676985e-6
1.438,6.112732732090521e-6
1.439,6.097677998530057e-6
1.44,6.0826649515279775e-6
1.441,6.067693452578273e-6
1.442,6.0527633637247e-6
1.443,6.037874547558245e-6
1.444,6.023026867214572e-6
1.445,6.008220186371511e-6
1.446,5.993454369246542e-6
1.447,5.978729280594299e-6
1.448,5.9640447857041115e-6
1.449,5.9494007503974835e-6
1.45,5.9347970410257e-6
1.451,5.920233524467336e-6
1.452,5.905710068125852e-6
1.453,5.891226539927164e-6
1.454,5.876782808317247e-6
1.455,5.862378742259739e-6
1.456,5.848014211233563e-6
1.457,5.833689085230553e-6
1.458,5.819403234753125e-6
1.459,5.8051565308118925e-6
1.46,5.790948844923382e-6
1.461,5.7767800491076726e-6
1.462,5.762650015886133e-6
1.463,5.748558618279099e-6
1.464,5.734505729803602e-6
1.465,5.7204912244710935e-6
1.466,5.70651497678521e-6
1.467,5.692576861739491e-6
1.468,5.678676754815165e-6
1.469,5.664814531978956e-6
1.47,5.650990069680802e-6
1.471,5.6372032448517275e-6
1.472,5.6234539349016196e-6
1.473,5.609742017717049e-6
1.474,5.59606737165913e-6
1.475,5.5824298755613425e-6
1.476,5.568829408727397e-6
1.477,5.555265850929105e-6
1.478,5.54173908240427e-6
1.479,5.52824898385455e-6
1.48,5.514795436443385e-6
1.481,5.501378321793899e-6
1.482,5.487997521986829e-6
1.483,5.474652919558448e-6
1.484,5.461344397498521e-6
1.485,5.4480718392482505e-6
1.486,5.434835128698257e-6
1.487,5.421634150186539e-6
1.488,5.40846878849647e-6
1.489,5.395338928854793e-6
1.49,5.382244456929628e-6
1.491,5.3691852588284845e-6
1.492,5.356161221096309e-6
1.493,5.343172230713491e-6
1.494,5.330218175093938e-6
1.495,5.317298942083127e-6
1.496,5.304414419956166e-6
1.497,5.291564497415877e-6
1.498,5.278749063590886e-6
1.499,5.265968008033708e-6
1.5,5.253221220718882e-6
1.5010000000000001,5.240508592041054e-6
1.502,5.2278300128131315e-6
1.5030000000000001,5.215185374264396e-6
1.504,5.202574568038679e-6
1.5050000000000001,5.189997486192476e-6
1.506,5.17745402119316e-6
1.5070000000000001,5.164944065917107e-6
1.508,5.152467513647921e-6
1.5090000000000001,5.140024258074592e-6
1.51,5.127614193289728e-6
1.5110000000000001,5.115237213787735e-6
1.512,5.102893214463069e-6
1.5130000000000001,5.090582090608438e-6
1.514,5.078303737913057e-6
1.5150000000000001,5.0660580524608846e-6
1.516,5.053844930728886e-6
1.5170000000000001,5.041664269585289e-6
1.518,5.029515966287872e-6
1.5190000000000001,5.017399918482227e-6
1.52,5.005316024200065e-6
1.5210000000000001,4.993264181857507e-6
1.522,4.981244290253402e-6
1.5230000000000001,4.969256248567624e-6
1.524,4.957299956359423e-6
1.5250000000000001,4.945375313565737e-6
1.526,4.933482220499543e-6
1.5270000000000001,4.921620577848203e-6
1.528,4.90979028667183e-6
1.5290000000000001,4.897991248401642e-6
1.53,4.886223364838353e-6
1.5310000000000001,4.874486538150537e-6
1.532,4.862780670873042e-6
1.5330000000000001,4.851105665905359e-6
1.534,4.839461426510065e-6
1.5350000000000001,4.8278478563112005e-6
1.536,4.816264859292727e-6
1.537,4.8047123397969275e-6
1.538,4.793190202522868e-6
1.539,4.781698352524841e-6
1.54,4.770236695210804e-6
1.541,4.758805136340853e-6
1.542,4.7474035820256915e-6
1.543,4.736031938725111e-6
1.544,4.724690113246467e-6
1.545,4.713378012743183e-6
1.546,4.702095544713229e-6
1.547,4.690842616997658e-6
1.548,4.67961913777909e-6
1.549,4.6684250155802665e-6
1.55,4.6572601592625475e-6
1.551,4.646124478024474e-6
1.552,4.635017881400291e-6
1.553,4.62394027925852e-6
1.554,4.6128915818004954e-6
1.555,4.601871699558946e-6
1.556,4.590880543396556e-6
1.557,4.579918024504555e-6
1.558,4.568984054401295e-6
1.559,4.558078544930856e-6
1.56,4.547201408261621e-6
1.561,4.536352556884921e-6
1.562,4.525531903613615e-6
1.563,4.514739361580728e-6
1.564,4.503974844238071e-6
1.565,4.493238265354886e-6
1.566,4.482529539016476e-6
1.567,4.4718485796228575e-6
1.568,4.461195301887406e-6
1.569,4.450569620835548e-6
1.57,4.439971451803377e-6
1.571,4.429400710436372e-6
1.572,4.418857312688059e-6
1.573,4.4083411748187e-6
1.574,4.397852213393986e-6
1.575,4.387390345283742e-6
1.576,4.3769554876606185e-6
1.577,4.366547557998828e-6
1.578,4.356166474072834e-6
1.579,4.345812153956103e-6
1.58,4.335484516019819e-6
1.581,4.3251834789316245e-6
1.582,4.314908961654367e-6
1.583,4.304660883444843e-6
1.584,4.294439163852558e-6
1.585,4.284243722718487e-6
1.586,4.274074480173841e-6
1.587,4.26393135663884e-6
1.588,4.253814272821489e-6
1.589,4.243723149716382e-6
1.59,4.233657908603459e-6
1.591,4.223618471046838e-6
1.592,4.213604758893589e-6
1.593,4.203616694272571e-6
1.594,4.193654199593217e-6
1.595,4.183717197544378e-6
1.596,4.173805611093132e-6
1.597,4.163919363483628e-6
1.598,4.1540583782359065e-6
1.599,4.144222579144771e-6
1.6,4.134411890278601e-6
1.601,4.124626235978231e-6
1.602,4.114865540855794e-6
1.603,4.1051297297936e-6
1.604,4.095418727942995e-6
1.605,4.085732460723243e-6
1.606,4.076070853820402e-6
1.607,4.066433833186214e-6
1.608,4.0568213250369925e-6
1.609,4.047233255852528e-6
1.61,4.037669552374972e-6
1.611,4.028130141607771e-6
1.612,4.018614950814549e-6
1.613,4.009123907518055e-6
1.614,3.9996569394990555e-6
1.615,3.990213974795294e-6
1.616,3.98079494170039e-6
1.617,3.971399768762815e-6
1.618,3.9620283847848e-6
1.619,3.952680718821307e-6
1.62,3.943356700178968e-6
1.621,3.934056258415063e-6
1.622,3.924779323336451e-6
1.623,3.915525824998575e-6
1.624,3.906295693704404e-6
1.625,3.897088860003429e-6
1.6260000000000001,3.887905254690635e-6
1.627,3.878744808805503e-6
1.6280000000000001,3.8696074536309786e-6
1.629,3.860493120692496e-6
1.6300000000000001,3.851401741756955e-6
1.631,3.842333248831745e-6
1.6320000000000001,3.833287574163746e-6
1.633,3.824264650238355e-6
1.6340000000000001,3.815264409778485e-6
1.635,3.80628678574362e-6
1.6360000000000001,3.7973317113288152e-6
1.637,3.788399119963754e-6
1.6380000000000001,3.7794889453117674e-6
1.639,3.7706011212688932e-6
1.6400000000000001,3.761735581962914e-6
1.641,3.7528922617524154e-6
1.6420000000000001,3.7440710952258314e-6
1.643,3.7352720172005224e-6
1.6440000000000001,3.726494962721821e-6
1.645,3.7177398670621217e-6
1.6460000000000001,3.7090066657199347e-6
1.647,3.7002952944189794e-6
1.6480000000000001,3.6916056891072633e-6
1.649,3.682937785956164e-6
1.6500000000000001,3.6742915213595203e-6
1.651,3.665666831932742e-6
1.6520000000000001,3.6570636545118876e-6
1.653,3.6484819261527825e-6
1.6540000000000001,3.6399215841301212e-6
1.655,3.631382565936585e-6
1.6560000000000001,3.6228648092819516e-6
1.657,3.614368252092223e-6
1.6580000000000001,3.6058928325087334e-6
1.659,3.5974384888873034e-6
1.6600000000000001,3.5890051597973486e-6
1.661,3.5805927840210303e-6
1.6620000000000001,3.5722013005523886e-6
1.663,3.5638306485964928e-6
1.6640000000000001,3.555480767568583e-6
1.665,3.5471515970932335e-6
1.666,3.5388430770034904e-6
1.667,3.5305551473400496e-6
1.668,3.5222877483504135e-6
1.669,3.5140408204880604e-6
1.67,3.505814304411613e-6
1.671,3.4976081409840156e-6
1.672,3.4894222712717184e-6
1.673,3.4812566365438526e-6
1.674,3.4731111782714198e-6
1.675,3.4649858381264806e-6
1.676,3.4568805579813626e-6
1.677,3.448795279907836e-6
1.678,3.4407299461763344e-6
1.679,3.4326844992551445e-6
1.68,3.4246588818096286e-6
1.681,3.41665303670143e-6
1.682,3.4086669069876918e-6
1.683,3.400700435920269e-6
1.684,3.392753566944969e-6
1.685,3.384826243700753e-6
1.686,3.376918410018997e-6
1.687,3.369030009922696e-6
1.688,3.3611609876257224e-6
1.689,3.353311287532056e-6
1.69,3.345480854235034e-6
1.691,3.33766963251659e-6
1.692,3.3298775673465226e-6
1.693,3.322104603881726e-6
1.694,3.31435068746547e-6
1.695,3.3066157636266497e-6
1.696,3.298899778079048e-6
1.697,3.2912026767206123e-6
1.698,3.283524405632723e-6
1.699,3.2758649110794573e-6
1.7,3.2682241395068894e-6
1.701,3.260602037542347e-6
1.702,3.2529985519937128e-6
1.703,3.245413629848707e-6
1.704,3.237847218274176e-6
1.705,3.2302992646153865e-6
1.706,3.222769716395326e-6
1.707,3.215258521314002e-6
1.708,3.2077656272477452e-6
1.709,3.200290982248512e-6
1.71,3.1928345345432055e-6
1.711,3.185396232532972e-6
1.712,3.177976024792532e-6
1.713,3.170573860069494e-6
1.714,3.163189687283674e-6
1.715,3.1558234555264195e-6
1.716,3.148475114059949e-6
1.717,3.1411446123166623e-6
1.718,3.1338318998985014e-6
1.719,3.126536926576263e-6
1.72,3.1192596422889567e-6
1.721,3.111999997143132e-6
1.722,3.1047579414122426e-6
1.723,3.0975334255359775e-6
1.724,3.0903264001196255e-6
1.725,3.0831368159334223e-6
1.726,3.075964623911916e-6
1.727,3.068809775153315e-6
1.728,3.0616722209188697e-6
1.729,3.0545519126322144e-6
1.73,3.047448801878763e-6
1.731,3.0403628404050584e-6
1.732,3.0332939801181615e-6
1.733,3.02624217308502e-6
1.734,3.0192073715318545e-6
1.735,3.0121895278435347e-6
1.736,3.005188594562974e-6
1.737,2.998204524390509e-6
1.738,2.991237270183298e-6
1.739,2.984286784954704e-6
1.74,2.977353021873706e-6
1.741,2.970435934264283e-6
1.742,2.9635354756048316e-6
1.743,2.956651599527551e-6
1.744,2.949784259817871e-6
1.745,2.942933410413841e-6
1.746,2.93609900540556e-6
1.747,2.9292809990345787e-6
1.748,2.92247934569333e-6
1.749,2.9156939999245295e-6
1.75,2.9089249164206187e-6
1.7510000000000001,2.9021720500231727e-6
1.752,2.895435355722346e-6
1.7530000000000001,2.8887147886562827e-6
1.754,2.8820103041105613e-6
1.7550000000000001,2.875321857517631e-6
1.756,2.8686494044562408e-6
1.7570000000000001,2.8619929006508846e-6
1.758,2.8553523019712485e-6
1.7590000000000001,2.8487275644316386e-6
1.76,2.8421186441904547e-6
1.7610000000000001,2.8355254975496116e-6
1.762,2.8289480809540162e-6
1.7630000000000001,2.8223863509910003e-6
1.764,2.8158402643897984e-6
1.7650000000000001,2.809309778020988e-6
1.766,2.802794848895966e-6
1.7670000000000001,2.7962954341664004e-6
1.768,2.7898114911237073e-6
1.7690000000000001,2.7833429771985132e-6
1.77,2.776889849960129e-6
1.7710000000000001,2.770452067116019e-6
1.772,2.7640295865112836e-6
1.7730000000000001,2.7576223661281257e-6
1.774,2.751230364085347e-6
1.7750000000000001,2.7448535386378145e-6
1.776,2.7384918481759544e-6
1.7770000000000001,2.7321452512252337e-6
1.778,2.7258137064456585e-6
1.7790000000000001,2.719497172631249e-6
1.78,2.7131956087095513e-6
1.7810000000000001,2.7069089737411192e-6
1.782,2.7006372269190174e-6
1.7830000000000001,2.6943803275683234e-6
1.784,2.688138235145625e-6
1.7850000000000001,2.681910909238529e-6
1.786,2.6756983095651655e-6
1.7870000000000001,2.6695003959736926e-6
1.788,2.663317128441818e-6
1.7890000000000001,2.657148467076297e-6
1.79,2.650994372112464e-6
1.7910000000000001,2.644854803913732e-6
1.792,2.6387297229711236e-6
1.793,2.632619089902793e-6
1.794,2.626522865453537e-6
1.795,2.6204410104943355e-6
1.796,2.6143734860218633e-6
1.797,2.608320253158037e-6
1.798,2.602281273149529e-6
1.799,2.596256507367312e-6
1.8,2.590245917306189e-6
1.801,2.5842494645843367e-6
1.802,2.5782671109428314e-6
1.803,2.5722988182452098e-6
1.804,2.566344548476993e-6
1.805,2.5604042637452463e-6
1.806,2.5544779262781144e-6
1.807,2.548565498424382e-6
1.808,2.5426669426530137e-6
1.809,2.5367822215527167e-6
1.81,2.530911297831486e-6
1.811,2.5250541343161686e-6
1.812,2.51921069395202e-6
1.813,2.513380939802262e-6
1.814,2.5075648350476447e-6
1.815,2.5017623429860204e-6
1.816,2.495973427031892e-6
1.817,2.490198050715998e-6
1.818,2.4844361776848703e-6
1.819,2.4786877717004152e-6
1.82,2.4729527966394715e-6
1.821,2.46723121649341e-6
1.822,2.461522995367682e-6
1.823,2.4558280974814218e-6
1.824,2.4501464871670123e-6
1.825,2.444478128869675e-6
1.826,2.4388229871470478e-6
1.827,2.4331810266687777e-6
1.828,2.4275522122161015e-6
1.829,2.4219365086814417e-6
1.83,2.416333881067988e-6
1.831,2.410744294489305e-6
1.832,2.4051677141689075e-6
1.833,2.399604105439872e-6
1.834,2.394053433744429e-6
1.835,2.388515664633562e-6
1.836,2.382990763766607e-6
1.837,2.37747869691086e-6
1.838,2.3719794299411757e-6
1.839,2.3664929288395815e-6
1.84,2.361019159694876e-6
1.841,2.3555580887022457e-6
1.842,2.350109682162871e-6
1.843,2.3446739064835455e-6
1.844,2.339250728176281e-6
1.845,2.3338401138579314e-6
1.846,2.328442030249807e-6
1.847,2.3230564441772952e-6
1.848,2.3176833225694744e-6
1.849,2.3123226324587503e-6
1.85,2.3069743409804624e-6
1.851,2.301638415372526e-6
1.852,2.2963148229750456e-6
1.853,2.2910035312299533e-6
1.854,2.2857045076806337e-6
1.855,2.280417719971556e-6
1.856,2.275143135847906e-6
1.857,2.2698807231552282e-6
1.858,2.2646304498390494e-6
1.859,2.2593922839445307e-6
1.86,2.254166193616092e-6
1.861,2.2489521470970667e-6
1.862,2.243750112729333e-6
1.863,2.2385600589529627e-6
1.864,2.233381954305865e-6
1.865,2.228215767423436e-6
1.866,2.2230614670382004e-6
1.867,2.2179190219794706e-6
1.868,2.212788401172983e-6
1.869,2.207669573640571e-6
1.87,2.2025625084997954e-6
1.871,2.197467174963621e-6
1.872,2.1923835423400534e-6
1.873,2.1873115800318204e-6
1.874,2.1822512575360075e-6
1.875,2.1772025444437335e-6
1.8760000000000001,2.1721654104398102e-6
1.877,2.1671398253024042e-6
1.8780000000000001,2.162125758902702e-6
1.879,2.1571231812045777e-6
1.8800000000000001,2.1521320622642588e-6
1.881,2.1471523722299995e-6
1.8820000000000001,2.1421840813417454e-6
1.883,2.137227159930811e-6
1.8840000000000001,2.1322815784195454e-6
1.885,2.12734730732102e-6
1.8860000000000001,2.122424317238689e-6
1.887,2.1175125788660765e-6
1.8880000000000001,2.1126120629864514e-6
1.889,2.1077227404725106e-6
1.8900000000000001,2.102844582286053e-6
1.891,2.09797755947767e-6
1.8920000000000001,2.093121643186423e-6
1.893,2.0882768046395367e-6
1.8940000000000001,2.0834430151520713e-6
1.895,2.0786202461266266e-6
1.8960000000000001,2.0738084690530176e-6
1.897,2.069007655507972e-6
1.8980000000000001,2.06421777715482e-6
1.899,2.0594388057431844e-6
1.9000000000000001,2.054670713108678e-6
1.901,2.049913471172596e-6
1.9020000000000001,2.045167051941614e-6
1.903,2.0404314275074872e-6
1.9040000000000001,2.03570657004674e-6
1.905,2.030992451820382e-6
1.9060000000000001,2.0262890451735943e-6
1.907,2.0215963225354416e-6
1.9080000000000001,2.0169142564185687e-6
1.909,2.0122428194189103e-6
1.9100000000000001,2.007581984215397e-6
1.911,2.0029317235696575e-6
1.9120000000000001,1.9982920103257333e-6
1.913,1.993662817409788e-6
1.9140000000000001,1.9890441178298083e-6
1.915,1.984435884675331e-6
1.9160000000000001,1.9798380911171416e-6
1.917,1.9752507104070007e-6
1.9180000000000001,1.970673715877349e-6
1.919,1.966107080941034e-6
1.92,1.9615507790910165e-6
1.921,1.957004783900099e-6
1.922,1.952469069020643e-6
1.923,1.947943608184283e-6
1.924,1.9434283752016608e-6
1.925,1.9389233439621386e-6
1.926,1.9344284884335314e-6
1.927,1.9299437826618226e-6
1.928,1.9254692007709017e-6
1.929,1.921004716962282e-6
1.93,1.916550305514839e-6
1.931,1.9121059407845298e-6
1.932,1.9076715972041355e-6
1.933,1.9032472492829806e-6
1.934,1.8988328716066783e-6
1.935,1.8944284388368546e-6
1.936,1.8900339257108926e-6
1.937,1.8856493070416594e-6
1.938,1.8812745577172512e-6
1.939,1.8769096527007244e-6
1.94,1.8725545670298464e-6
1.941,1.86820927581682e-6
1.942,1.8638737542480387e-6
1.943,1.859547977583824e-6
1.944,1.8552319211581676e-6
1.945,1.8509255603784769e-6
1.946,1.8466288707253214e-6
1.947,1.8423418277521775e-6
1.948,1.83806440708518e-6
1.949,1.8337965844228655e-6
1.95,1.8295383355359254e-6
1.951,1.8252896362669537e-6
1.952,1.821050462530202e-6
1.953,1.816820790311329e-6
1.954,1.812600595667158e-6
1.955,1.8083898547254208e-6
1.956,1.8041885436845308e-6
1.957,1.7999966388133217e-6
1.958,1.7958141164508174e-6
1.959,1.7916409530059804e-6
1.96,1.7874771249574808e-6
1.961,1.7833226088534499e-6
1.962,1.7791773813112408e-6
1.963,1.7750414190171966e-6
1.964,1.7709146987264083e-6
1.965,1.7667971972624784e-6
1.966,1.76268889151729e-6
1.967,1.7585897584507673e-6
1.968,1.7544997750906476e-6
1.969,1.7504189185322446e-6
1.97,1.7463471659382218e-6
1.971,1.7422844945383524e-6
1.972,1.7382308816293027e-6
1.973,1.7341863045743924e-6
1.974,1.7301507408033762e-6
1.975,1.7261241678122023e-6
1.976,1.7221065631628063e-6
1.977,1.7180979044828686e-6
1.978,1.714098169465599e-6
1.979,1.7101073358695125e-6
1.98,1.7061253815182018e-6
1.981,1.7021522843001212e-6
1.982,1.6981880221683646e-6
1.983,1.6942325731404414e-6
1.984,1.6902859152980654e-6
1.985,1.6863480267869266e-6
1.986,1.6824188858164821e-6
1.987,1.6784984706597335e-6
1.988,1.6745867596530177e-6
1.989,1.6706837311957842e-6
1.99,1.6667893637503875e-6
1.991,1.6629036358418698e-6
1.992,1.6590265260577518e-6
1.993,1.655158013047817e-6
1.994,1.6512980755239065e-6
1.995,1.6474466922597016e-6
1.996,1.643603842090525e-6
1.997,1.6397695039131195e-6
1.998,1.6359436566854517e-6
1.999,1.6321262794264997e-6
2.,1.628317351216049e-6
2.001,1.6245168511944863e-6
2.0020000000000002,1.6207247585625923e-6
2.003,1.6169410525813483e-6
2.004,1.6131657125717216e-6
2.005,1.6093987179144698e-6
2.0060000000000002,1.605640048049935e-6
2.007,1.6018896824778525e-6
2.008,1.5981476007571427e-6
2.009,1.5944137825057112e-6
2.0100000000000002,1.590688207400257e-6
2.011,1.586970855176074e-6
2.012,1.5832617056268517e-6
2.013,1.5795607386044755e-6
2.0140000000000002,1.5758679340188418e-6
2.015,1.5721832718376573e-6
2.016,1.5685067320862438e-6
2.017,1.5648382948473506e-6
2.0180000000000002,1.5611779402609552e-6
2.019,1.5575256485240824e-6
2.02,1.5538813998906018e-6
2.021,1.5502451746710449e-6
2.0220000000000002,1.5466169532324145e-6
2.023,1.5429967159979996e-6
2.024,1.5393844434471782e-6
2.025,1.5357801161152383e-6
2.0260000000000002,1.5321837145931896e-6
2.027,1.528595219527581e-6
2.028,1.525014611620305e-6
2.029,1.521441871628427e-6
2.0300000000000002,1.517876980363991e-6
2.031,1.514319918693846e-6
2.032,1.5107706675394543e-6
2.033,1.5072292078767188e-6
2.0340000000000003,1.5036955207357927e-6
2.035,1.5001695872009132e-6
2.036,1.4966513884102073e-6
2.037,1.4931409055555202e-6
2.0380000000000003,1.489638119882239e-6
2.039,1.4861430126891149e-6
2.04,1.4826555653280784e-6
2.041,1.479175759204076e-6
2.0420000000000003,1.4757035757748817e-6
2.043,1.4722389965509366e-6
2.044,1.4687820030951623e-6
2.045,1.4653325770227942e-6
2.0460000000000003,1.461890700001204e-6
2.047,1.458456353749737e-6
2.048,1.4550295200395293e-6
2.049,1.4516101806933433e-6
2.05,1.4481983175853947e-6
2.051,1.4447939126411883e-6
2.052,1.4413969478373445e-6
2.053,1.4380074052014307e-6
2.054,1.4346252668117953e-6
2.055,1.4312505147973992e-6
2.056,1.427883131337657e-6
2.057,1.4245230986622576e-6
2.058,1.4211703990510106e-6
2.059,1.4178250148336773e-6
2.06,1.4144869283898073e-6
2.061,1.4111561221485768e-6
2.062,1.4078325785886209e-6
2.063,1.4045162802378778e-6
2.064,1.4012072096734276e-6
2.065,1.3979053495213232e-6
2.066,1.3946106824564406e-6
2.067,1.3913231912023084e-6
2.068,1.388042858530964e-6
2.069,1.3847696672627772e-6
2.07,1.3815036002663056e-6
2.071,1.37824464045813e-6
2.072,1.3749927708027062e-6
2.073,1.3717479743121984e-6
2.074,1.3685102340463301e-6
2.075,1.3652795331122262e-6
2.076,1.3620558546642663e-6
2.077,1.3588391819039175e-6
2.078,1.3556294980795949e-6
2.079,1.3524267864864956e-6
2.08,1.3492310304664628e-6
2.081,1.3460422134078208e-6
2.082,1.3428603187452252e-6
2.083,1.3396853299595214e-6
2.084,1.3365172305775895e-6
2.085,1.3333560041721917e-6
2.086,1.3302016343618292e-6
2.087,1.3270541048105886e-6
2.088,1.3239133992280036e-6
2.089,1.3207795013688964e-6
2.09,1.3176523950332375e-6
2.091,1.3145320640659995e-6
2.092,1.3114184923570144e-6
2.093,1.3083116638408205e-6
2.094,1.3052115624965248e-6
2.095,1.3021181723476565e-6
2.096,1.2990314774620276e-6
2.097,1.2959514619515847e-6
2.098,1.2928781099722674e-6
2.099,1.289811405723872e-6
2.1,1.2867513334499054e-6
2.101,1.2836978774374446e-6
2.102,1.2806510220169988e-6
2.103,1.277610751562368e-6
2.104,1.2745770504905062e-6
2.105,1.2715499032613782e-6
2.106,1.268529294377827e-6
2.107,1.2655152083854319e-6
2.108,1.2625076298723753e-6
2.109,1.259506543469301e-6
2.11,1.2565119338491837e-6
2.111,1.2535237857271879e-6
2.112,1.2505420838605404e-6
2.113,1.2475668130483867e-6
2.114,1.2445979581316612e-6
2.115,1.241635503992956e-6
2.116,1.2386794355563869e-6
2.117,1.2357297377874525e-6
2.118,1.2327863956929155e-6
2.119,1.2298493943206599e-6
2.12,1.2269187187595675e-6
2.121,1.2239943541393826e-6
2.122,1.221076285630582e-6
2.123,1.218164498444246e-6
2.124,1.2152589778319327e-6
2.125,1.212359709085543e-6
2.126,1.209466677537195e-6
2.1270000000000002,1.2065798685590966e-6
2.128,1.2036992675634194e-6
2.129,1.2008248600021697e-6
2.13,1.197956631367059e-6
2.1310000000000002,1.1950945671893833e-6
2.132,1.192238653039899e-6
2.133,1.1893888745286892e-6
2.134,1.1865452173050462e-6
2.1350000000000002,1.1837076670573454e-6
2.136,1.180876209512921e-6
2.137,1.1780508304379446e-6
2.138,1.1752315156372975e-6
2.1390000000000002,1.1724182509544525e-6
2.14,1.1696110222713542e-6
2.141,1.16680981550829e-6
2.142,1.164014616623776e-6
2.1430000000000002,1.1612254116144294e-6
2.144,1.1584421865148596e-6
2.145,1.1556649273975335e-6
2.146,1.1528936203726686e-6
2.1470000000000002,1.1501282515881055e-6
2.148,1.1473688072291974e-6
2.149,1.144615273518685e-6
2.15,1.1418676367165822e-6
2.1510000000000002,1.139125883120055e-6
2.152,1.1363899990633164e-6
2.153,1.1336599709174922e-6
2.154,1.13093578509052e-6
2.1550000000000002,1.1282174280270233e-6
2.156,1.125504886208207e-6
2.157,1.122798146151732e-6
2.158,1.1200971944116068e-6
2.1590000000000003,1.1174020175780717e-6
2.16,1.1147126022774876e-6
2.161,1.1120289351722206e-6
2.162,1.1093510029605284e-6
2.1630000000000003,1.1066787923764512e-6
2.164,1.1040122901896967e-6
2.165,1.1013514832055322e-6
2.166,1.0986963582646689e-6
2.1670000000000003,1.0960469022431523e-6
2.168,1.09340310205226e-6
2.169,1.0907649446383777e-6
2.17,1.0881324169829e-6
2.1710000000000003,1.0855055061021178e-6
2.172,1.0828841990471113e-6
2.173,1.0802684829036385e-6
2.174,1.07765834479203e-6
2.1750000000000003,1.075053771867079e-6
2.176,1.0724547513179389e-6
2.177,1.0698612703680094e-6
2.178,1.0672733162748377e-6
2.179,1.0646908763300054e-6
2.18,1.0621139378590253e-6
2.181,1.0595424882212411e-6
2.182,1.0569765148097143e-6
2.183,1.0544160050511254e-6
2.184,1.0518609464056661e-6
2.185,1.0493113263669392e-6
2.186,1.0467671324618524e-6
2.187,1.0442283522505145e-6
2.188,1.0416949733261341e-6
2.189,1.039166983314921e-6
2.19,1.0366443698759763e-6
2.191,1.0341271207011958e-6
2.192,1.031615223515167e-6
2.193,1.0291086660750726e-6
2.194,1.0266074361705828e-6
2.195,1.0241115216237591e-6
2.196,1.0216209102889538e-6
2.197,1.0191355900527124e-6
2.198,1.0166555488336702e-6
2.199,1.0141807745824576e-6
2.2,1.0117112552815978e-6
2.201,1.009246978945415e-6
2.202,1.006787933619928e-6
2.203,1.0043341073827594e-6
2.204,1.0018854883430348e-6
2.205,9.994420646412908e-7
2.206,9.970038244493718e-7
2.207,9.945707559703396e-7
2.208,9.921428474383737e-7
2.209,9.89720087118681e-7
2.21,9.873024633073944e-7
2.211,9.848899643314824e-7
2.212,9.824825785486519e-7
2.213,9.8008029434726e-7
2.214,9.776831001462113e-7
2.215,9.752909843948714e-7
2.216,9.729039355729702e-7
2.217,9.70521942190513e-7
2.218,9.681450104701472e-7
2.219,9.657730936196428e-7
2.22,9.634061979187568e-7
2.221,9.61044311997667e-7
2.222,9.586874068274877e-7
2.223,9.563355064754441e-7
2.224,9.539885819727857e-7
2.225,9.516466220684001e-7
2.226,9.493096155406259e-7
2.227,9.469775511971638e-7
2.228,9.446504178749885e-7
2.229,9.423282044402607e-7
2.23,9.400108997882363e-7
2.231,9.376984928431774e-7
2.232,9.353909725582669e-7
2.233,9.330883279155213e-7
2.234,9.307905479256988e-7
2.235,9.284976216282168e-7
2.236,9.262095380910604e-7
2.237,9.239262864107035e-7
2.238,9.216478557120134e-7
2.239,9.193742351481723e-7
2.24,9.171054139005841e-7
2.241,9.148413811787999e-7
2.242,9.125821262204227e-7
2.243,9.103276382910262e-7
2.244,9.080779066840719e-7
2.245,9.058329207208253e-7
2.246,9.035926697502681e-7
2.247,9.013571431490172e-7
2.248,8.991263303212419e-7
2.249,8.969002206985814e-7
2.25,8.946788037400602e-7
2.251,8.924620689320041e-7
2.2520000000000002,8.90250005787962e-7
2.253,8.880426038486246e-7
2.254,8.858398526817374e-7
2.255,8.83641741882024e-7
2.2560000000000002,8.814482610711027e-7
2.257,8.792593998974074e-7
2.258,8.770751480361067e-7
2.259,8.748954951890225e-7
2.2600000000000002,8.72720431084551e-7
2.261,8.705499454775852e-7
2.262,8.683840281494297e-7
2.263,8.662226689077282e-7
2.2640000000000002,8.640658575863792e-7
2.265,8.619135840454637e-7
2.266,8.597658381711591e-7
2.267,8.576226098756673e-7
2.2680000000000002,8.554838890971343e-7
2.269,8.533496657995743e-7
2.27,8.512199299727899e-7
2.271,8.490946716322974e-7
2.2720000000000002,8.469738808192478e-7
2.273,8.448575476003558e-7
2.274,8.427456620678161e-7
2.275,8.406382143392323e-7
2.2760000000000002,8.385351945575388e-7
2.277,8.364365928909294e-7
2.278,8.343423995327773e-7
2.279,8.322526047015617e-7
2.2800000000000002,8.301671986407942e-7
2.281,8.280861716189463e-7
2.282,8.260095139293695e-7
2.283,8.239372158902269e-7
2.2840000000000003,8.21869267844415e-7
2.285,8.198056601594963e-7
2.286,8.177463832276206e-7
2.287,8.156914274654535e-7
2.2880000000000003,8.136407833141048e-7
2.289,8.115944412390578e-7
2.29,8.095523917300921e-7
2.291,8.075146253012165e-7
2.2920000000000003,8.054811324905936e-7
2.293,8.034519038604726e-7
2.294,8.014269299971148e-7
2.295,7.994062015107234e-7
2.2960000000000003,7.973897090353705e-7
2.297,7.953774432289359e-7
2.298,7.93369394773023e-7
2.299,7.913655543729e-7
2.3000000000000003,7.893659127574239e-7
2.301,7.873704606789753e-7
2.302,7.853791889133854e-7
2.303,7.833920882598694e-7
2.3040000000000003,7.814091495409547e-7
2.305,7.794303636024184e-7
2.306,7.774557213132119e-7
2.307,7.754852135653956e-7
2.308,7.735188312740727e-7
2.309,7.715565653773193e-7
2.31,7.695984068361192e-7
2.311,7.676443466342927e-7
2.312,7.656943757784342e-7
2.313,7.637484852978403e-7
2.314,7.618066662444516e-7
2.315,7.59868909692776e-7
2.316,7.579352067398302e-7
2.317,7.560055485050688e-7
2.318,7.540799261303262e-7
2.319,7.52158330779741e-7
2.32,7.502407536396973e-7
2.321,7.483271859187584e-7
2.322,7.464176188476043e-7
2.323,7.445120436789607e-7
2.324,7.426104516875409e-7
2.325,7.407128341699777e-7
2.326,7.388191824447643e-7
2.327,7.36929487852185e-7
2.328,7.350437417542545e-7
2.329,7.33161935534654e-7
2.33,7.312840605986698e-7
2.331,7.294101083731278e-7
2.332,7.275400703063323e-7
2.333,7.256739378680026e-7
2.334,7.238117025492135e-7
2.335,7.219533558623295e-7
2.336,7.200988893409447e-7
2.337,7.18248294539821e-7
2.338,7.164015630348288e-7
2.339,7.145586864228823e-7
2.34,7.127196563218789e-7
2.341,7.108844643706409e-7
2.342,7.090531022288539e-7
2.343,7.072255615770054e-7
2.344,7.054018341163246e-7
2.345,7.035819115687225e-7
2.346,7.017657856767346e-7
2.347,6.99953448203458e-7
2.348,6.981448909324923e-7
2.349,6.963401056678815e-7
2.35,6.945390842340568e-7
2.351,6.927418184757736e-7
2.352,6.909483002580546e-7
2.353,6.891585214661325e-7
2.354,6.873724740053927e-7
2.355,6.855901498013098e-7
2.356,6.838115407993964e-7
2.357,6.8203663896514e-7
2.358,6.802654362839504e-7
2.359,6.784979247610991e-7
2.36,6.767340964216611e-7
2.361,6.749739433104613e-7
2.362,6.732174574920184e-7
2.363,6.714646310504821e-7
2.364,6.697154560895848e-7
2.365,6.679699247325774e-7
2.366,6.662280291221819e-7
2.367,6.644897614205281e-7
2.368,6.627551138091021e-7
2.369,6.61024078488688e-7
2.37,6.592966476793179e-7
2.371,6.575728136202097e-7
2.372,6.558525685697175e-7
2.373,6.541359048052734e-7
2.374,6.524228146233383e-7
2.375,6.507132903393401e-7
2.376,6.490073242876249e-7
2.3770000000000002,6.473049088214005e-7
2.378,6.45606036312685e-7
2.379,6.439106991522505e-7
2.38,6.422188897495701e-7
2.3810000000000002,6.405306005327663e-7
2.382,6.388458239485561e-7
2.383,6.371645524621988e-7
2.384,6.354867785574428e-7
2.3850000000000002,6.338124947364727e-7
2.386,6.321416935198588e-7
2.387,6.304743674465025e-7
2.388,6.288105090735842e-7
2.3890000000000002,6.271501109765129e-7
2.39,6.254931657488752e-7
2.391,6.2383966600238e-7
2.392,6.221896043668095e-7
2.3930000000000002,6.20542973489968e-7
2.394,6.188997660376316e-7
2.395,6.172599746934949e-7
2.396,6.156235921591212e-7
2.3970000000000002,6.139906111538922e-7
2.398,6.123610244149594e-7
2.399,6.107348246971894e-7
2.4,6.091120047731171e-7
2.4010000000000002,6.074925574328945e-7
2.402,6.058764754842426e-7
2.403,6.042637517523996e-7
2.404,6.026543790800718e-7
2.4050000000000002,6.010483503273845e-7
2.406,5.99445658371835e-7
2.407,5.978462961082398e-7
2.408,5.962502564486885e-7
2.4090000000000003,5.946575323224923e-7
2.41,5.930681166761412e-7
2.411,5.91482002473249e-7
2.412,5.898991826945079e-7
2.4130000000000003,5.883196503376405e-7
2.414,5.867433984173543e-7
2.415,5.851704199652884e-7
2.416,5.836007080299694e-7
2.4170000000000003,5.820342556767646e-7
2.418,5.804710559878337e-7
2.419,5.789111020620811e-7
2.42,5.773543870151081e-7
2.4210000000000003,5.758009039791689e-7
2.422,5.742506461031224e-7
2.423,5.727036065523849e-7
2.424,5.711597785088841e-7
2.4250000000000003,5.696191551710131e-7
2.426,5.68081729753586e-7
2.427,5.665474954877885e-7
2.428,5.650164456211336e-7
2.4290000000000003,5.634885734174172e-7
2.43,5.619638721566722e-7
2.431,5.604423351351209e-7
2.432,5.589239556651323e-7
2.433,5.57408727075176e-7
2.434,5.558966427097765e-7
2.435,5.54387695929471e-7
2.436,5.528818801107623e-7
2.437,5.513791886460739e-7
2.438,5.498796149437072e-7
2.439,5.483831524277994e-7
2.44,5.468897945382729e-7
2.441,5.453995347307978e-7
2.442,5.439123664767439e-7
2.443,5.424282832631414e-7
2.444,5.409472785926323e-7
2.445,5.394693459834295e-7
2.446,5.379944789692742e-7
2.447,5.365226710993924e-7
2.448,5.350539159384509e-7
2.449,5.335882070665154e-7
2.45,5.321255380790067e-7
2.451,5.306659025866608e-7
2.452,5.292092942154828e-7
2.453,5.277557066067068e-7
2.454,5.263051334167534e-7
2.455,5.248575683171891e-7
2.456,5.234130049946802e-7
2.457,5.219714371509561e-7
2.458,5.205328585027629e-7
2.459,5.190972627818276e-7
2.46,5.176646437348102e-7
2.461,5.16234995123268e-7
2.462,5.148083107236093e-7
2.463,5.133845843270594e-7
2.464,5.119638097396121e-7
2.465,5.105459807819939e-7
2.466,5.091310912896214e-7
2.467,5.077191351125628e-7
2.468,5.06310106115495e-7
2.469,5.049039981776642e-7
2.47,5.035008051928465e-7
2.471,5.02100521069309e-7
2.472,5.007031397297669e-7
2.473,4.993086551113456e-7
2.474,4.979170611655413e-7
2.475,4.96528351858182e-7
2.476,4.951425211693863e-7
2.477,4.937595630935249e-7
2.478,4.923794716391829e-7
2.479,4.910022408291195e-7
2.48,4.896278647002293e-7
2.481,4.882563373035035e-7
2.482,4.86887652703991e-7
2.483,4.855218049807624e-7
2.484,4.841587882268674e-7
2.485,4.827985965492996e-7
2.486,4.814412240689574e-7
2.487,4.800866649206073e-7
2.488,4.787349132528433e-7
2.489,4.773859632280515e-7
2.49,4.7603980902237063e-7
2.491,4.746964448256576e-7
2.492,4.7335586484144605e-7
2.493,4.7201806328691174e-7
2.494,4.706830343928339e-7
2.495,4.693507724035609e-7
2.496,4.6802127157696913e-7
2.497,4.666945261844291e-7
2.498,4.6537053051076707e-7
2.499,4.6404927885423194e-7
2.5,4.627307655264526e-7
2.501,4.6141498485240756e-7
2.5020000000000002,4.601019311703845e-7
2.503,4.5879159883194763e-7
2.504,4.574839822018982e-7
2.505,4.5617907565824066e-7
2.5060000000000002,4.548768735921456e-7
2.507,4.5357737040791694e-7
2.508,4.522805605229517e-7
2.509,4.5098643836770816e-7
2.5100000000000002,4.4969499838566847e-7
2.511,4.48406235033306e-7
2.512,4.471201427800463e-7
2.513,4.458367161082353e-7
2.5140000000000002,4.445559495131019e-7
2.515,4.432778375027267e-7
2.516,4.420023745980025e-7
2.517,4.407295553326038e-7
2.5180000000000002,4.3945937425294886e-7
2.519,4.3819182591816967e-7
2.52,4.3692690490007285e-7
2.521,4.3566460578310864e-7
2.5220000000000002,4.3440492316433455e-7
2.523,4.331478516533851e-7
2.524,4.3189338587243254e-7
2.525,4.3064152045615806e-7
2.5260000000000002,4.2939225005171434e-7
2.527,4.2814556931869615e-7
2.528,4.2690147292910217e-7
2.529,4.2565995556730446e-7
2.5300000000000002,4.244210119300145e-7
2.531,4.23184636726251e-7
2.532,4.2195082467730487e-7
2.533,4.2071957051670836e-7
2.5340000000000003,4.1949086899019923e-7
2.535,4.182647148556929e-7
2.536,4.1704110288324435e-7
2.537,4.158200278550196e-7
2.5380000000000003,4.146014845652603e-7
2.539,4.1338546782025484e-7
2.54,4.1217197243830156e-7
2.541,4.109609932496812e-7
2.5420000000000003,4.097525250966208e-7
2.543,4.0854656283326613e-7
2.544,4.0734310132564475e-7
2.545,4.061421354516385e-7
2.5460000000000003,4.0494366010094887e-7
2.547,4.0374767017506844e-7
2.548,4.025541605872467e-7
2.549,4.0136312626245877e-7
2.5500000000000003,4.001745621373759e-7
2.551,3.989884631603345e-7
2.552,3.978048242913018e-7
2.553,3.9662364050184773e-7
2.5540000000000003,3.954449067751134e-7
2.555,3.9426861810578077e-7
2.556,3.9309476950004015e-7
2.557,3.9192335597556117e-7
2.5580000000000003,3.9075437256146114e-7
2.559,3.8958781429827735e-7
2.56,3.884236762379322e-7
2.561,3.8726195344370633e-7
2.562,3.8610264099020723e-7
2.563,3.849457339633401e-7
2.564,3.837912274602765e-7
2.565,3.8263911658942584e-7
2.566,3.8148939647040424e-7
2.567,3.8034206223400476e-7
2.568,3.7919710902217093e-7
2.569,3.7805453198796255e-7
2.57,3.7691432629580156e-7
2.571,3.757764871203507e-7
2.572,3.7464100964812466e-7
2.573,3.735078890763635e-7
2.574,3.723771206132803e-7
2.575,3.7124869947803123e-7
2.576,3.701226209006877e-7
2.577,3.6899888012220514e-7
2.578,3.678774723943962e-7
2.579,3.6683085852242075e-7
2.58,3.6564163715216226e-7
2.581,3.6452720019538885e-7
2.582,3.6341507740453557e-7
2.583,3.6230526408527e-7
2.584,3.6119775555394736e-7
2.585,3.6009254713757887e-7
2.586,3.58989634173808e-7
2.587,3.57889012010877e-7
2.588,3.5679067600760553e-7
2.589,3.5569462153335707e-7
2.59,3.546008439677627e-7
2.591,3.535093387017005e-7
2.592,3.524201011357558e-7
2.593,3.513331266812004e-7
2.594,3.502484107597163e-7
2.595,3.491659488033654e-7
2.596,3.480857362545651e-7
2.597,3.470077685660581e-7
2.598,3.459320412008875e-7
2.599,3.448585496323692e-7
2.6,3.437872893440649e-7
2.601,3.4271825582975566e-7
2.602,3.416514445934144e-7
2.603,3.4058685114917914e-7
2.604,3.395244710213287e-7
2.605,3.384642997442532e-7
2.606,3.374063328624289e-7
2.607,3.363505659303919e-7
2.608,3.3529699451271317e-7
2.609,3.342456141839693e-7
2.61,3.331964205287188e-7
2.611,3.321494091414751e-7
2.612,3.311045756266824e-7
2.613,3.3006191559868653e-7
2.614,3.290214246817116e-7
2.615,3.279830985098331e-7
2.616,3.269469327269544e-7
2.617,3.2591292298677787e-7
2.618,3.2488106495278176e-7
2.619,3.238513542981932e-7
2.62,3.228237867059658e-7
2.621,3.2179835786875035e-7
2.622,3.2077506348887245e-7
2.623,3.1975389927830617e-7
2.624,3.1873486095865034e-7
2.625,3.177179442611017e-7
2.626,3.167031449264311e-7
2.6270000000000002,3.1569045870495853e-7
2.628,3.14679881356529e-7
2.629,3.136714086504867e-7
2.63,3.126650363656511e-7
2.6310000000000002,3.116607602902913e-7
2.632,3.106585762221047e-7
2.633,3.0965847996818865e-7
2.634,3.086604673450186e-7
2.6350000000000002,3.076645341784226e-7
2.636,3.0667067630355924e-7
2.637,3.0567888956489047e-7
2.638,3.0468916981616004e-7
2.6390000000000002,3.0370151292036793e-7
2.64,3.0271591474974846e-7
2.641,3.017323711857442e-7
2.642,3.007508781189833e-7
2.6430000000000002,2.9977143144925605e-7
2.644,2.987940270854913e-7
2.645,2.9781866094573226e-7
2.646,2.968453289571132e-7
2.6470000000000002,2.958740270558361e-7
2.648,2.949047511871487e-7
2.649,2.9393749730531903e-7
2.65,2.92972261373613e-7
2.6510000000000002,2.920090393642717e-7
2.652,2.9104782725848895e-7
2.653,2.900886210463867e-7
2.654,2.891314167269926e-7
2.6550000000000002,2.881762103082182e-7
2.656,2.872229978068354e-7
2.657,2.8627177524845325e-7
2.658,2.853225386674961e-7
2.6590000000000003,2.843752841071803e-7
2.66,2.834300076194933e-7
2.661,2.8248670526516827e-7
2.662,2.815453731136652e-7
2.6630000000000003,2.8060600724314493e-7
2.664,2.79668603740451e-7
2.665,2.787331587010831e-7
2.666,2.777996682291785e-7
2.6670000000000003,2.7686812843748754e-7
2.668,2.7593853544735394e-7
2.669,2.750108853886905e-7
2.67,2.740851743999586e-7
2.6710000000000003,2.731613986281458e-7
2.672,2.722395542287455e-7
2.673,2.7131963736573324e-7
2.674,2.70401644211546e-7
2.6750000000000003,2.6948557094706043e-7
2.676,2.6857141376157285e-7
2.677,2.676591688527753e-7
2.678,2.6674883242673586e-7
2.6790000000000003,2.658404006978764e-7
2.68,2.649338698889531e-7
2.681,2.64029236231033e-7
2.682,2.631264959634738e-7
2.6830000000000003,2.6222564533390337e-7
2.684,2.6132668059819844e-7
2.685,2.60429598020463e-7
2.686,2.595343938730082e-7
2.6870000000000003,2.586410644363307e-7
2.688,2.57749605999094e-7
2.689,2.568600148581045e-7
2.69,2.559722873182936e-7
2.691,2.550864196926957e-7
2.692,2.5420240830242786e-7
2.693,2.533202494766708e-7
2.694,2.524399395526459e-7
2.695,2.51561474875597e-7
2.696,2.506848517987685e-7
2.697,2.498100666833878e-7
2.698,2.4893711589864136e-7
2.699,2.480659958216578e-7
2.7,2.4719670283748587e-7
2.701,2.463292333390763e-7
2.702,2.4546358372725974e-7
2.703,2.445997504107283e-7
2.704,2.4373772980601506e-7
2.705,2.428775183374757e-7
2.706,2.420191124372666e-7
2.707,2.411625085453268e-7
2.708,2.403077031093573e-7
2.709,2.3945469258480363e-7
2.71,2.3860347343483324e-7
2.711,2.377540421303188e-7
2.712,2.369063951498168e-7
2.713,2.360605289795506e-7
2.714,2.3521644011338887e-7
2.715,2.3437412505282702e-7
2.716,2.3353358030696875e-7
2.717,2.3269480239250718e-7
2.718,2.3185778783370407e-7
2.719,2.3102253316237274e-7
2.72,2.301890349178576e-7
2.721,2.293572896470172e-7
2.722,2.285272939042032e-7
2.723,2.2769904425124313e-7
2.724,2.2687253725742063e-7
2.725,2.2604776949945872e-7
2.726,2.2522473756149854e-7
2.727,2.244034380350826e-7
2.728,2.235838675191353e-7
2.729,2.227660226199462e-7
2.73,2.2194989995114931e-7
2.731,2.2113549613370614e-7
2.732,2.2032280779588663e-7
2.733,2.1951183157325277e-7
2.734,2.1870256410863804e-7
2.735,2.178950020521301e-7
2.736,2.170891420610529e-7
2.737,2.1628498079994987e-7
2.738,2.1548251494056347e-7
2.739,2.1468174116181877e-7
2.74,2.13882656149805e-7
2.741,2.1308525659775952e-7
2.742,2.1228953920604706e-7
2.743,2.1149550068214387e-7
2.744,2.1070313774061948e-7
2.745,2.0991244710312043e-7
2.746,2.0912342549835042e-7
2.747,2.0833606966205406e-7
2.748,2.075503763369993e-7
2.749,2.0676634227296056e-7
2.75,2.059839642267002e-7
2.751,2.0520323896195166e-7
2.7520000000000002,2.0442416324940225e-7
2.753,2.0364673386667692e-7
2.754,2.02870947598319e-7
2.755,2.0209680123577433e-7
2.7560000000000002,2.0132429157737417e-7
2.757,2.0055341542831873e-7
2.758,1.997841696006585e-7
2.759,1.990165509132787e-7
2.7600000000000002,1.9825055619188157e-7
2.761,1.9748618226897107e-7
2.762,1.9672342598383373e-7
2.763,1.9596228418252384e-7
2.7640000000000002,1.952027537178453e-7
2.765,1.9444483144933704e-7
2.766,1.9368851424325388e-7
2.767,1.9293379897255167e-7
2.7680000000000002,1.9218068251686986e-7
2.769,1.9142916176251628e-7
2.77,1.906792336024493e-7
2.771,1.899308949362622e-7
2.7720000000000002,1.8918414267016614e-7
2.773,1.884389737169758e-7
2.774,1.876953849960906e-7
2.775,1.8695337343348004e-7
2.7760000000000002,1.8621293596166695e-7
2.777,1.8547406951971257e-7
2.778,1.8473677105319852e-7
2.779,1.8400103751421222e-7
2.7800000000000002,1.8326686586133048e-7
2.781,1.8253425305960426e-7
2.782,1.818031960805413e-7
2.783,1.810736919020916e-7
2.7840000000000003,1.8034573750863102e-7
2.785,1.7961932989094636e-7
2.786,1.788944660462181e-7
2.787,1.781711429780064e-7
2.7880000000000003,1.7744935769623402e-7
2.789,1.7672910721717267e-7
2.79,1.7601038856342514e-7
2.791,1.7529319876391174e-7
2.7920000000000003,1.7457753485385333e-7
2.793,1.7386339387475781e-7
2.794,1.731507728744031e-7
2.795,1.7243966890682216e-7
2.7960000000000003,1.7173007903228788e-7
2.797,1.7102200031729908e-7
2.798,1.7031542983456308e-7
2.799,1.6961036466298176e-7
2.8000000000000003,1.6890680188763662e-7
2.801,1.6820473859977402e-7
2.802,1.6750417189678875e-7
2.803,1.6680509888221044e-7
2.8040000000000003,1.6610751666568768e-7
2.805,1.654114223629745e-7
2.806,1.6471681309591384e-7
2.807,1.6402368599242367e-7
2.8080000000000003,1.6333203818648185e-7
2.809,1.626418668181126e-7
2.81,1.6195316903336981e-7
2.811,1.6126594198432395e-7
2.8120000000000003,1.6058018282904625e-7
2.813,1.5989588873159645e-7
2.814,1.5921305686200513e-7
2.815,1.5853168439626141e-7
2.816,1.5785176851629774e-7
2.817,1.5717330640997554e-7
2.818,1.564962952710716e-7
2.819,1.5582073229926247e-7
2.82,1.5514661470011083e-7
2.821,1.5447393968505119e-7
2.822,1.538027044713765e-7
2.823,1.531329062822223e-7
2.824,1.52464542346554e-7
2.825,1.5179760989915192e-7
2.826,1.511321061805984e-7
2.827,1.5046802843726227e-7
2.828,1.4980537392128593e-7
2.829,1.4914413989057081e-7
2.83,1.4848432360876478e-7
2.831,1.478259223452464e-7
2.832,1.4716893337511223e-7
2.833,1.465133539791627e-7
2.834,1.4585918144388931e-7
2.835,1.4520641306145923e-7
2.836,1.44555046129703e-7
2.837,1.4390507795210008e-7
2.838,1.4325650583776636e-7
2.839,1.4260932710143931e-7
2.84,1.4196353906346493e-7
2.841,1.4131913904978462e-7
2.842,1.4067612439192197e-7
2.843,1.4003449242696803e-7
2.844,1.3939424049756937e-7
2.845,1.3875536595191379e-7
2.846,1.3811786614371794e-7
2.847,1.3748173843221327e-7
2.848,1.368469801821329e-7
2.849,1.3621358876369871e-7
2.85,1.355815615526086e-7
2.851,1.3495089593002224e-7
2.852,1.34321589282549e-7
2.853,1.33693639002234e-7
2.854,1.330670424865468e-7
2.855,1.324417971383662e-7
2.856,1.3181790036596872e-7
2.857,1.311953495830152e-7
2.858,1.305741422085388e-7
2.859,1.299542756669309e-7
2.86,1.293357473879288e-7
2.861,1.28718554806603e-7
2.862,1.2810269536334545e-7
2.863,1.274881665038548e-7
2.864,1.2687496567912532e-7
2.865,1.2626309034543386e-7
2.866,1.2565253796432738e-7
2.867,1.2504330600261015e-7
2.868,1.2443539193233131e-7
2.869,1.2382879323077194e-7
2.87,1.2322350738043442e-7
2.871,1.226195318690274e-7
2.872,1.2201686418945529e-7
2.873,1.2141550183980484e-7
2.874,1.2081544232333437e-7
2.875,1.2021668314845937e-7
2.876,1.196192218287418e-7
2.8770000000000002,1.1902305588287697e-7
2.878,1.1842818283468268e-7
2.879,1.1783460021308533e-7
2.88,1.1724230555210895e-7
2.8810000000000002,1.1665129639086251e-7
2.882,1.1606157027352897e-7
2.883,1.1547312474935175e-7
2.884,1.148859573726237e-7
2.8850000000000002,1.1430006570267444e-7
2.886,1.1371544730386006e-7
2.887,1.1313209974554904e-7
2.888,1.1255002060211181e-7
2.8890000000000002,1.1196920745290821e-7
2.89,1.1138965788227691e-7
2.891,1.108113694795219e-7
2.892,1.1023433983890202e-7
2.8930000000000002,1.0965856655961855e-7
2.894,1.0908404724580467e-7
2.895,1.0851077950651235e-7
2.896,1.0793876095570149e-7
2.8970000000000002,1.0736798921222819e-7
2.898,1.067984618998341e-7
2.899,1.0623017664713327e-7
2.9,1.0566313108760186e-7
2.9010000000000002,1.0509732285956607e-7
2.902,1.0453274960619174e-7
2.903,1.0396940897547143e-7
2.904,1.0340729862021441e-7
2.9050000000000002,1.0284641619803428e-7
2.906,1.0228675937133893e-7
2.907,1.0172832580731787e-7
2.908,1.0117111317793207e-7
2.9090000000000003,1.0061511915990175e-7
2.91,1.000603414346969e-7
2.911,9.950677768852417e-8
2.912,9.895442561231683e-8
2.9130000000000003,9.84032829017233e-8
2.914,9.7853347257097e-8
2.915,9.730461638348394e-8
2.916,9.675708799061254e-8
2.9170000000000003,9.621075979288237e-8
2.918,9.5665629509354e-8
2.919,9.512169486373677e-8
2.92,9.457895358437899e-8
2.9210000000000003,9.40374034042562e-8
2.922,9.349704206096165e-8
2.923,9.295786729669413e-8
2.924,9.241987685824796e-8
2.9250000000000003,9.188306849700177e-8
2.926,9.134743996890886e-8
2.927,9.081298903448507e-8
2.928,9.027971345879917e-8
2.9290000000000003,8.97476110114615e-8
2.93,8.921667946661462e-8
2.931,8.86869166029211e-8
2.932,8.815832020355412e-8
2.9330000000000003,8.763088805618646e-8
2.934,8.710461795298071e-8
2.935,8.657950769057779e-8
2.936,8.605555507008724e-8
2.9370000000000003,8.553275789707631e-8
2.938,8.501111398156074e-8
2.939,8.449062113799278e-8
2.94,8.397127718525213e-8
2.9410000000000003,8.345307994663467e-8
2.942,8.293602724984372e-8
2.943,8.242011692697804e-8
2.944,8.19053468145226e-8
2.945,8.13917147533383e-8
2.946,8.08792185886516e-8
2.947,8.036785617004503e-8
2.948,7.985762535144599e-8
2.949,7.93485239911177e-8
2.95,7.884054995164844e-8
2.951,7.833370109994228e-8
2.952,7.782797530720829e-8
2.953,7.732337044895118e-8
2.954,7.681988440496065e-8
2.955,7.631751505930292e-8
2.956,7.581626030030899e-8
2.957,7.531611802056607e-8
2.958,7.481708611690698e-8
2.959,7.431916249040153e-8
2.96,7.382234504634516e-8
2.961,7.332663169425027e-8
2.962,7.283202034783583e-8
2.963,7.233850892501885e-8
2.964,7.184609534790304e-8
2.965,7.135477754277033e-8
2.966,7.08645534400706e-8
2.967,7.037542097441314e-8
2.968,6.988737808455562e-8
2.969,6.940042271339543e-8
2.97,6.89145528079597e-8
2.971,6.842976631939689e-8
2.972,6.794606120296563e-8
2.973,6.746343541802642e-8
2.974,6.698188692803176e-8
2.975,6.650141370051741e-8
2.976,6.602201370709195e-8
2.977,6.554368492342821e-8
2.978,6.506642532925333e-8
2.979,6.459023290834068e-8
2.98,6.411510564849898e-8
2.981,6.364104154156406e-8
2.982,6.316803858338913e-8
2.983,6.269609477383644e-8
2.984,6.222520811676691e-8
2.985,6.175537662003166e-8
2.986,6.128659829546261e-8
2.987,6.081887115886408e-8
2.988,6.035219323000255e-8
2.989,5.988656253259837e-8
2.99,5.942197709431636e-8
2.991,5.895843494675755e-8
2.992,5.849593412544899e-8
2.993,5.803447266983563e-8
2.994,5.75740486232709e-8
2.995,5.711466003300868e-8
2.996,5.6656304950193135e-8
2.997,5.619898142985062e-8
2.998,5.574268753088055e-8
2.999,5.528742131604721e-8
3.,5.4833180851969855e-8
3.001,5.4379964209114696e-8
3.0020000000000002,5.392776946178572e-8
3.003,5.347659468811685e-8
3.004,5.3026437970061854e-8
3.005,5.2577297393386586e-8
3.0060000000000002,5.212917104765995e-8
3.007,5.1682057026245906e-8
3.008,5.123595342629377e-8
3.009,5.0790858348730316e-8
3.0100000000000002,5.0346769898250955e-8
3.011,4.990368618331174e-8
3.012,4.946160531611987e-8
3.013,4.902052541262584e-8
3.0140000000000002,4.8580444592514494e-8
3.015,4.8141360979197605e-8
3.016,4.7703272699803885e-8
3.017,4.726617788517169e-8
3.0180000000000002,4.683007466983994e-8
3.019,4.639496119204083e-8
3.02,4.5960835593689907e-8
3.021,4.552769602037882e-8
3.0220000000000002,4.5095540621366576e-8
3.023,4.4664367549571834e-8
3.024,4.42341749615637e-8
3.025,4.380496101755408e-8
3.0260000000000002,4.3376723881389205e-8
3.027,4.2949461720541985e-8
3.028,4.252317270610291e-8
3.029,4.209785501277252e-8
3.0300000000000002,4.1673506818852824e-8
3.031,4.125012630624008e-8
3.032,4.08277116604154e-8
3.033,4.0406261070437564e-8
3.0340000000000003,3.9985772728934464e-8
3.035,3.956624483209594e-8
3.036,3.914767557966445e-8
3.037,3.873006317492801e-8
3.0380000000000003,3.8313405824711704e-8
3.039,3.789770173937052e-8
3.04,3.7482949132780374e-8
3.041,3.706914622233074e-8
3.0420000000000003,3.6656291228916614e-8
3.043,3.624438237693114e-8
3.044,3.583341789425682e-8
3.045,3.542339601225838e-8
3.0460000000000003,3.5014314965774525e-8
3.047,3.4606172993110913e-8
3.048,3.419896833603128e-8
3.049,3.3792699239750416e-8
3.0500000000000003,3.3387363952926035e-8
3.051,3.298296072765185e-8
3.052,3.257948781944867e-8
3.053,3.2176943487257605e-8
3.0540000000000003,3.177532599343185e-8
3.055,3.1374633603729986e-8
3.056,3.0974864587307116e-8
3.057,3.057601721670802e-8
3.0580000000000003,3.0178089767859255e-8
3.059,2.9781080520062248e-8
3.06,2.9384987755984824e-8
3.061,2.8989809761654182e-8
3.0620000000000003,2.8595544826449193e-8
3.063,2.820219124309358e-8
3.064,2.7809747307647373e-8
3.065,2.74182113195002e-8
3.0660000000000003,2.7027581581363486e-8
3.067,2.6637856399263757e-8
3.068,2.624903408253419e-8
3.069,2.5861112943807932e-8
3.0700000000000003,2.547409129901048e-8
3.071,2.50879674673529e-8
3.072,2.470273977132358e-8
3.073,2.4318406536681598e-8
3.074,2.393496609244927e-8
3.075,2.3552416770904715e-8
3.076,2.3170756907575313e-8
3.077,2.2789984841229434e-8
3.078,2.2410098913869917e-8
3.079,2.203109747072661e-8
3.08,2.16529788602498e-8
3.081,2.127574143410205e-8
3.082,2.0899383547151812e-8
3.083,2.0523903557465914e-8
3.084,2.0149299826303163e-8
3.085,1.9775570718106257e-8
3.086,1.9402714600495422e-8
3.087,1.9030729844261005e-8
3.088,1.865961482335708e-8
3.089,1.828936791489355e-8
3.09,1.791998749912973e-8
3.091,1.755147195946708e-8
3.092,1.718381968244294e-8
3.093,1.6817029057722536e-8
3.094,1.64510984780928e-8
3.095,1.608602633945509e-8
3.096,1.572181104081898e-8
3.097,1.5358450984294413e-8
3.098,1.4995944575085508e-8
3.099,1.4634290221483405e-8
3.1,1.4273486334860074e-8
3.101,1.3913531329660615e-8
3.102,1.355442362339704e-8
3.103,1.3196161636641259e-8
3.104,1.2838743793018937e-8
3.105,1.248216851920182e-8
3.106,1.2126434244901647e-8
3.107,1.1771539402863196e-8
3.108,1.1417482428858163e-8
3.109,1.106426176167757e-8
3.11,1.0711875843125818e-8
3.111,1.0360323118013666e-8
3.112,1.0009602034152291e-8
3.113,9.659711042345739e-9
3.114,9.31064859638498e-9
3.115,8.962413153041035e-9
3.116,8.61500317205906e-9
3.117,8.268417116150861e-9
3.118,7.922653450989049e-9
3.119,7.577710645200192e-9
3.12,7.233587170358971e-9
3.121,6.8902815009808e-9
3.122,6.547792114515989e-9
3.123,6.2061174913430045e-9
3.124,5.8652561147626614e-9
3.125,5.52520647099083e-9
3.126,5.185967049152646e-9
3.1270000000000002,4.84753634127585e-9
3.128,4.509912842285031e-9
3.129,4.173095049994402e-9
3.13,3.837081465102073e-9
3.1310000000000002,3.5018705911834584e-9
3.132,3.1674609346855757e-9
3.133,2.8338510049198887e-9
3.134,2.5010393140566487e-9
3.1350000000000002,2.1690243771183485e-9
3.136,1.8378047119740995e-9
3.137,1.5073788393325354e-9
3.138,1.177745282736203e-9
3.1390000000000002,8.489025685550983e-10
3.14,5.208492259810843e-10
3.141,1.9358378702086937e-10
